title,price,nop,image,link,scrapedAt
Womens Camo Hoodies Maple Leaf Print Oversized Hooded Sweatshirt Fleece Pullover Sweatshirts Long Sleeve with Pocket,36,,https://m.media-amazon.com/images/I/919LYaskCYL._AC_UL320_.jpg,https://www.amazon.com/Eutten-Oversized-Sweatshirt-Pullover-Sweatshirts/dp/B0DLWMS24R/ref=sr_1_1?dib=eyJ2IjoiMSJ9.xrKnw3weiyepLpn7y6IA87pw0oRGFnDYIwsUlYKwUbQchsxgGTRohEWDJaUovg9NWDKsCBi7GWpjaEKryPfGwacS1kjmzNAwFW8RZuotFIUfCmLCOL-7Cnihz_3vNZT3zb8VEbINXBzAeHnh_piJ5GTRdst4u75OTiyQVp9zGWcmZ7z2StINX_EJ5Fkma93JWdEHs6j-tudJEaM-Wqc_CwwEav-oeElU4rCdfRTybs7xRxQkED4QVF0yejOthKRo-0Pd7PMmSa3_7g3lpfiOoclZI9qtzLvdFqfnnFzqZA_7xlJFUhh0GUANBfcuFb3BQ6qTg0OEv2ua7L2r6ZHBIqDdDlpEBboM5o9GYqjZG29mSTZf5NPIIYCxf2NqAWxYtI3c_G8ltVxp2715wJxF0Zk3tCn4W3RjyMQ37_cDd1Q8DkCgmtevIoAgnXvQ7QDa.QZmoBcmDWso1S20rAw_D6uX_gkhKnp2uJiHdDEnxYYk&dib_tag=se&keywords=Loose+Fit+Printed+Hoodie&qid=1739345015&sr=8-1,2025-02-12T07:23:45.117Z
COZYEASE Men's Hoodie Oversized Graphic Hoodies Pullover Long Sleeve Drawstring Casual Hooded Sweatshirt Trendy,32,58,https://m.media-amazon.com/images/I/61E-ilYpZQL._AC_UL320_.jpg,https://www.amazon.com/Cozyease-Oversized-Pullover-Drawstring-Sweatshirt/dp/B0C4NMLNKB/ref=sr_1_2?dib=eyJ2IjoiMSJ9.xrKnw3weiyepLpn7y6IA87pw0oRGFnDYIwsUlYKwUbQchsxgGTRohEWDJaUovg9NWDKsCBi7GWpjaEKryPfGwacS1kjmzNAwFW8RZuotFIUfCmLCOL-7Cnihz_3vNZT3zb8VEbINXBzAeHnh_piJ5GTRdst4u75OTiyQVp9zGWcmZ7z2StINX_EJ5Fkma93JWdEHs6j-tudJEaM-Wqc_CwwEav-oeElU4rCdfRTybs7xRxQkED4QVF0yejOthKRo-0Pd7PMmSa3_7g3lpfiOoclZI9qtzLvdFqfnnFzqZA_7xlJFUhh0GUANBfcuFb3BQ6qTg0OEv2ua7L2r6ZHBIqDdDlpEBboM5o9GYqjZG29mSTZf5NPIIYCxf2NqAWxYtI3c_G8ltVxp2715wJxF0Zk3tCn4W3RjyMQ37_cDd1Q8DkCgmtevIoAgnXvQ7QDa.QZmoBcmDWso1S20rAw_D6uX_gkhKnp2uJiHdDEnxYYk&dib_tag=se&keywords=Loose+Fit+Printed+Hoodie&qid=1739345015&sr=8-2,2025-02-12T07:23:45.561Z
Carhartt Men's Loose Fit Midweight Logo Sleeve Graphic Sweatshirt,54,"46,410",https://m.media-amazon.com/images/I/61mPjCyVZoL._AC_UL320_.jpg,https://www.amazon.com/Carhartt-Midweight-Sleeve-Sweatshirt-Regular/dp/B002G9UD8C/ref=sr_1_3?dib=eyJ2IjoiMSJ9.xrKnw3weiyepLpn7y6IA87pw0oRGFnDYIwsUlYKwUbQchsxgGTRohEWDJaUovg9NWDKsCBi7GWpjaEKryPfGwacS1kjmzNAwFW8RZuotFIUfCmLCOL-7Cnihz_3vNZT3zb8VEbINXBzAeHnh_piJ5GTRdst4u75OTiyQVp9zGWcmZ7z2StINX_EJ5Fkma93JWdEHs6j-tudJEaM-Wqc_CwwEav-oeElU4rCdfRTybs7xRxQkED4QVF0yejOthKRo-0Pd7PMmSa3_7g3lpfiOoclZI9qtzLvdFqfnnFzqZA_7xlJFUhh0GUANBfcuFb3BQ6qTg0OEv2ua7L2r6ZHBIqDdDlpEBboM5o9GYqjZG29mSTZf5NPIIYCxf2NqAWxYtI3c_G8ltVxp2715wJxF0Zk3tCn4W3RjyMQ37_cDd1Q8DkCgmtevIoAgnXvQ7QDa.QZmoBcmDWso1S20rAw_D6uX_gkhKnp2uJiHdDEnxYYk&dib_tag=se&keywords=Loose+Fit+Printed+Hoodie&qid=1739345015&sr=8-3,2025-02-12T07:23:45.786Z
Womens Loose Fit Camo Hooide Sweatshirt Zip Up Long Sleeve Trendy Maple Leaf Print Fleece Hoodie with Pocket,32,11,https://m.media-amazon.com/images/I/81nSRsTswfL._AC_UL320_.jpg,https://www.amazon.com/Ymejia-Womens-Hooide-Sleeve-Sweatshirt/dp/B0DQ19K9FF/ref=sr_1_4?dib=eyJ2IjoiMSJ9.xrKnw3weiyepLpn7y6IA87pw0oRGFnDYIwsUlYKwUbQchsxgGTRohEWDJaUovg9NWDKsCBi7GWpjaEKryPfGwacS1kjmzNAwFW8RZuotFIUfCmLCOL-7Cnihz_3vNZT3zb8VEbINXBzAeHnh_piJ5GTRdst4u75OTiyQVp9zGWcmZ7z2StINX_EJ5Fkma93JWdEHs6j-tudJEaM-Wqc_CwwEav-oeElU4rCdfRTybs7xRxQkED4QVF0yejOthKRo-0Pd7PMmSa3_7g3lpfiOoclZI9qtzLvdFqfnnFzqZA_7xlJFUhh0GUANBfcuFb3BQ6qTg0OEv2ua7L2r6ZHBIqDdDlpEBboM5o9GYqjZG29mSTZf5NPIIYCxf2NqAWxYtI3c_G8ltVxp2715wJxF0Zk3tCn4W3RjyMQ37_cDd1Q8DkCgmtevIoAgnXvQ7QDa.QZmoBcmDWso1S20rAw_D6uX_gkhKnp2uJiHdDEnxYYk&dib_tag=se&keywords=Loose+Fit+Printed+Hoodie&qid=1739345015&sr=8-4,2025-02-12T07:23:46.194Z
HVEPUO Womens Hoodies Fall Long Sleeve Drawstring Pullover Tops With Pockets Girls' Fashion Loose Casual Sweatshirt For Women,28,"2,989",https://m.media-amazon.com/images/I/6173p6ovz9L._AC_UL320_.jpg,https://www.amazon.com/HVEPUO-Juniors-Hoodies-Sweashirt-Lightweight/dp/B08YD7V12G/ref=sr_1_5?dib=eyJ2IjoiMSJ9.xrKnw3weiyepLpn7y6IA87pw0oRGFnDYIwsUlYKwUbQchsxgGTRohEWDJaUovg9NWDKsCBi7GWpjaEKryPfGwacS1kjmzNAwFW8RZuotFIUfCmLCOL-7Cnihz_3vNZT3zb8VEbINXBzAeHnh_piJ5GTRdst4u75OTiyQVp9zGWcmZ7z2StINX_EJ5Fkma93JWdEHs6j-tudJEaM-Wqc_CwwEav-oeElU4rCdfRTybs7xRxQkED4QVF0yejOthKRo-0Pd7PMmSa3_7g3lpfiOoclZI9qtzLvdFqfnnFzqZA_7xlJFUhh0GUANBfcuFb3BQ6qTg0OEv2ua7L2r6ZHBIqDdDlpEBboM5o9GYqjZG29mSTZf5NPIIYCxf2NqAWxYtI3c_G8ltVxp2715wJxF0Zk3tCn4W3RjyMQ37_cDd1Q8DkCgmtevIoAgnXvQ7QDa.QZmoBcmDWso1S20rAw_D6uX_gkhKnp2uJiHdDEnxYYk&dib_tag=se&keywords=Loose+Fit+Printed+Hoodie&qid=1739345015&sr=8-5,2025-02-12T07:23:46.518Z
LEEDYA Women Long Sleeve Mama Sweatshirts Round Neck Pullover Loose Lightweight Blouse Tops,23,"1,783",https://m.media-amazon.com/images/I/61e4C-91u5L._AC_UL320_.jpg,https://www.amazon.com/LEEDYA-Sweatshirts-Pullover-Maternity-Sweatshirt/dp/B0D2NLYC5X/ref=sr_1_6?dib=eyJ2IjoiMSJ9.xrKnw3weiyepLpn7y6IA87pw0oRGFnDYIwsUlYKwUbQchsxgGTRohEWDJaUovg9NWDKsCBi7GWpjaEKryPfGwacS1kjmzNAwFW8RZuotFIUfCmLCOL-7Cnihz_3vNZT3zb8VEbINXBzAeHnh_piJ5GTRdst4u75OTiyQVp9zGWcmZ7z2StINX_EJ5Fkma93JWdEHs6j-tudJEaM-Wqc_CwwEav-oeElU4rCdfRTybs7xRxQkED4QVF0yejOthKRo-0Pd7PMmSa3_7g3lpfiOoclZI9qtzLvdFqfnnFzqZA_7xlJFUhh0GUANBfcuFb3BQ6qTg0OEv2ua7L2r6ZHBIqDdDlpEBboM5o9GYqjZG29mSTZf5NPIIYCxf2NqAWxYtI3c_G8ltVxp2715wJxF0Zk3tCn4W3RjyMQ37_cDd1Q8DkCgmtevIoAgnXvQ7QDa.QZmoBcmDWso1S20rAw_D6uX_gkhKnp2uJiHdDEnxYYk&dib_tag=se&keywords=Loose+Fit+Printed+Hoodie&qid=1739345015&sr=8-6,2025-02-12T07:23:47.201Z
Bofell Womens Fashion Tops Hoodies for Women Pullover Oversized Sweatshirts Long SLeeve Shirts Loose Fit,24,"3,538",https://m.media-amazon.com/images/I/81DOTbOruBL._AC_UL320_.jpg,https://www.amazon.com/Hoodies-Pullover-Oversized-Sweatshirt-Holiday/dp/B0DG2QGWKW/ref=sr_1_7?dib=eyJ2IjoiMSJ9.xrKnw3weiyepLpn7y6IA87pw0oRGFnDYIwsUlYKwUbQchsxgGTRohEWDJaUovg9NWDKsCBi7GWpjaEKryPfGwacS1kjmzNAwFW8RZuotFIUfCmLCOL-7Cnihz_3vNZT3zb8VEbINXBzAeHnh_piJ5GTRdst4u75OTiyQVp9zGWcmZ7z2StINX_EJ5Fkma93JWdEHs6j-tudJEaM-Wqc_CwwEav-oeElU4rCdfRTybs7xRxQkED4QVF0yejOthKRo-0Pd7PMmSa3_7g3lpfiOoclZI9qtzLvdFqfnnFzqZA_7xlJFUhh0GUANBfcuFb3BQ6qTg0OEv2ua7L2r6ZHBIqDdDlpEBboM5o9GYqjZG29mSTZf5NPIIYCxf2NqAWxYtI3c_G8ltVxp2715wJxF0Zk3tCn4W3RjyMQ37_cDd1Q8DkCgmtevIoAgnXvQ7QDa.QZmoBcmDWso1S20rAw_D6uX_gkhKnp2uJiHdDEnxYYk&dib_tag=se&keywords=Loose+Fit+Printed+Hoodie&qid=1739345015&sr=8-7,2025-02-12T07:23:47.737Z
Womens Camo Hoodies Maple Leaf Print Oversized Hooded Pullover Shirt Fleece Long Sleeve Camo Sweatshirt With Pocket,29,60,https://m.media-amazon.com/images/I/91EiSzKzo-L._AC_UL320_.jpg,https://www.amazon.com/Ziesexy-Cheetah-Streetwear-Pullover-Sweatshirt/dp/B0DLMYT311/ref=sr_1_8?dib=eyJ2IjoiMSJ9.xrKnw3weiyepLpn7y6IA87pw0oRGFnDYIwsUlYKwUbQchsxgGTRohEWDJaUovg9NWDKsCBi7GWpjaEKryPfGwacS1kjmzNAwFW8RZuotFIUfCmLCOL-7Cnihz_3vNZT3zb8VEbINXBzAeHnh_piJ5GTRdst4u75OTiyQVp9zGWcmZ7z2StINX_EJ5Fkma93JWdEHs6j-tudJEaM-Wqc_CwwEav-oeElU4rCdfRTybs7xRxQkED4QVF0yejOthKRo-0Pd7PMmSa3_7g3lpfiOoclZI9qtzLvdFqfnnFzqZA_7xlJFUhh0GUANBfcuFb3BQ6qTg0OEv2ua7L2r6ZHBIqDdDlpEBboM5o9GYqjZG29mSTZf5NPIIYCxf2NqAWxYtI3c_G8ltVxp2715wJxF0Zk3tCn4W3RjyMQ37_cDd1Q8DkCgmtevIoAgnXvQ7QDa.QZmoBcmDWso1S20rAw_D6uX_gkhKnp2uJiHdDEnxYYk&dib_tag=se&keywords=Loose+Fit+Printed+Hoodie&qid=1739345015&sr=8-8,2025-02-12T07:23:48.203Z
YEOU Women Star Print Zip Up Loose Fit Hoodies Y2K Retro Harajuku Oversized Hip Hop Gothic Punk Sweatshirts,28,5,https://m.media-amazon.com/images/I/71ZAaTdrwWL._AC_UL320_.jpg,https://www.amazon.com/Oversized-Streetwear-Sweatshirt-Crewneck-Sweatshirts/dp/B0BV1D9LKX/ref=sr_1_9?dib=eyJ2IjoiMSJ9.xrKnw3weiyepLpn7y6IA87pw0oRGFnDYIwsUlYKwUbQchsxgGTRohEWDJaUovg9NWDKsCBi7GWpjaEKryPfGwacS1kjmzNAwFW8RZuotFIUfCmLCOL-7Cnihz_3vNZT3zb8VEbINXBzAeHnh_piJ5GTRdst4u75OTiyQVp9zGWcmZ7z2StINX_EJ5Fkma93JWdEHs6j-tudJEaM-Wqc_CwwEav-oeElU4rCdfRTybs7xRxQkED4QVF0yejOthKRo-0Pd7PMmSa3_7g3lpfiOoclZI9qtzLvdFqfnnFzqZA_7xlJFUhh0GUANBfcuFb3BQ6qTg0OEv2ua7L2r6ZHBIqDdDlpEBboM5o9GYqjZG29mSTZf5NPIIYCxf2NqAWxYtI3c_G8ltVxp2715wJxF0Zk3tCn4W3RjyMQ37_cDd1Q8DkCgmtevIoAgnXvQ7QDa.QZmoBcmDWso1S20rAw_D6uX_gkhKnp2uJiHdDEnxYYk&dib_tag=se&keywords=Loose+Fit+Printed+Hoodie&qid=1739345015&sr=8-9,2025-02-12T07:23:48.766Z
Trendy Queen Womens Oversized Hoodies Fleece Sweatshirts Long Sleeve Sweaters Pullover Fall Outfits Winter Clothes,36,"6,580",https://m.media-amazon.com/images/I/71wp-f9m0-L._AC_UL320_.jpg,https://www.amazon.com/Trendy-Queen-Oversized-Sweatshirts-Sweaters/dp/B0C65WCS8R/ref=sr_1_10?dib=eyJ2IjoiMSJ9.xrKnw3weiyepLpn7y6IA87pw0oRGFnDYIwsUlYKwUbQchsxgGTRohEWDJaUovg9NWDKsCBi7GWpjaEKryPfGwacS1kjmzNAwFW8RZuotFIUfCmLCOL-7Cnihz_3vNZT3zb8VEbINXBzAeHnh_piJ5GTRdst4u75OTiyQVp9zGWcmZ7z2StINX_EJ5Fkma93JWdEHs6j-tudJEaM-Wqc_CwwEav-oeElU4rCdfRTybs7xRxQkED4QVF0yejOthKRo-0Pd7PMmSa3_7g3lpfiOoclZI9qtzLvdFqfnnFzqZA_7xlJFUhh0GUANBfcuFb3BQ6qTg0OEv2ua7L2r6ZHBIqDdDlpEBboM5o9GYqjZG29mSTZf5NPIIYCxf2NqAWxYtI3c_G8ltVxp2715wJxF0Zk3tCn4W3RjyMQ37_cDd1Q8DkCgmtevIoAgnXvQ7QDa.QZmoBcmDWso1S20rAw_D6uX_gkhKnp2uJiHdDEnxYYk&dib_tag=se&keywords=Loose+Fit+Printed+Hoodie&qid=1739345015&sr=8-10,2025-02-12T07:23:49.178Z
MODARANI Womens Pullover Hoodie Sweatshirts Casual Tunic Tops Kangaroo Pocket Shirts Tie Dye&Floral Print,26,"2,649",https://m.media-amazon.com/images/I/61C40IPA2nL._AC_UL320_.jpg,https://www.amazon.com/MODARANI-Hoodies-Sweatshirt-Pullover-Pockets/dp/B08NC6CMPN/ref=sr_1_11?dib=eyJ2IjoiMSJ9.xrKnw3weiyepLpn7y6IA87pw0oRGFnDYIwsUlYKwUbQchsxgGTRohEWDJaUovg9NWDKsCBi7GWpjaEKryPfGwacS1kjmzNAwFW8RZuotFIUfCmLCOL-7Cnihz_3vNZT3zb8VEbINXBzAeHnh_piJ5GTRdst4u75OTiyQVp9zGWcmZ7z2StINX_EJ5Fkma93JWdEHs6j-tudJEaM-Wqc_CwwEav-oeElU4rCdfRTybs7xRxQkED4QVF0yejOthKRo-0Pd7PMmSa3_7g3lpfiOoclZI9qtzLvdFqfnnFzqZA_7xlJFUhh0GUANBfcuFb3BQ6qTg0OEv2ua7L2r6ZHBIqDdDlpEBboM5o9GYqjZG29mSTZf5NPIIYCxf2NqAWxYtI3c_G8ltVxp2715wJxF0Zk3tCn4W3RjyMQ37_cDd1Q8DkCgmtevIoAgnXvQ7QDa.QZmoBcmDWso1S20rAw_D6uX_gkhKnp2uJiHdDEnxYYk&dib_tag=se&keywords=Loose+Fit+Printed+Hoodie&qid=1739345015&sr=8-11,2025-02-12T07:23:49.410Z
Womens Camo Hoodies Loose Fit Drawstring Hooded Pullover Shirt Long Sleeve Fleece Camo Hunting Sweatshirt With Pocket,34,3,https://m.media-amazon.com/images/I/81iVSFUuy2L._AC_UL320_.jpg,https://www.amazon.com/Ziesexy-Hoodies-Drawstring-Pullover-Sweatshirt/dp/B0DH1QTPSW/ref=sr_1_12?dib=eyJ2IjoiMSJ9.xrKnw3weiyepLpn7y6IA87pw0oRGFnDYIwsUlYKwUbQchsxgGTRohEWDJaUovg9NWDKsCBi7GWpjaEKryPfGwacS1kjmzNAwFW8RZuotFIUfCmLCOL-7Cnihz_3vNZT3zb8VEbINXBzAeHnh_piJ5GTRdst4u75OTiyQVp9zGWcmZ7z2StINX_EJ5Fkma93JWdEHs6j-tudJEaM-Wqc_CwwEav-oeElU4rCdfRTybs7xRxQkED4QVF0yejOthKRo-0Pd7PMmSa3_7g3lpfiOoclZI9qtzLvdFqfnnFzqZA_7xlJFUhh0GUANBfcuFb3BQ6qTg0OEv2ua7L2r6ZHBIqDdDlpEBboM5o9GYqjZG29mSTZf5NPIIYCxf2NqAWxYtI3c_G8ltVxp2715wJxF0Zk3tCn4W3RjyMQ37_cDd1Q8DkCgmtevIoAgnXvQ7QDa.QZmoBcmDWso1S20rAw_D6uX_gkhKnp2uJiHdDEnxYYk&dib_tag=se&keywords=Loose+Fit+Printed+Hoodie&qid=1739345015&sr=8-12,2025-02-12T07:23:50.228Z
Cat Sweatshirts for Women Graphic Oversized Sweatshirt Funny Long Sleeve Shirt Cute Pullover Fleece Hoodie Tops,28,13,https://m.media-amazon.com/images/I/51HBr5UvmmL._AC_UL320_.jpg,https://www.amazon.com/Lytiarul-Sweatshirts-Oversized-Sweatshirt-Pullover/dp/B0D9YC89PG/ref=sr_1_13?dib=eyJ2IjoiMSJ9.xrKnw3weiyepLpn7y6IA87pw0oRGFnDYIwsUlYKwUbQchsxgGTRohEWDJaUovg9NWDKsCBi7GWpjaEKryPfGwacS1kjmzNAwFW8RZuotFIUfCmLCOL-7Cnihz_3vNZT3zb8VEbINXBzAeHnh_piJ5GTRdst4u75OTiyQVp9zGWcmZ7z2StINX_EJ5Fkma93JWdEHs6j-tudJEaM-Wqc_CwwEav-oeElU4rCdfRTybs7xRxQkED4QVF0yejOthKRo-0Pd7PMmSa3_7g3lpfiOoclZI9qtzLvdFqfnnFzqZA_7xlJFUhh0GUANBfcuFb3BQ6qTg0OEv2ua7L2r6ZHBIqDdDlpEBboM5o9GYqjZG29mSTZf5NPIIYCxf2NqAWxYtI3c_G8ltVxp2715wJxF0Zk3tCn4W3RjyMQ37_cDd1Q8DkCgmtevIoAgnXvQ7QDa.QZmoBcmDWso1S20rAw_D6uX_gkhKnp2uJiHdDEnxYYk&dib_tag=se&keywords=Loose+Fit+Printed+Hoodie&qid=1739345015&sr=8-13,2025-02-12T07:23:50.580Z
Oversized Leopard Hoodie Cheetah Print Sweatshirt Pullover Long Sleeve Casual Loose Fit Fall Y2k Graphic Hoodies,32,4,https://m.media-amazon.com/images/I/81iTyM72ovL._AC_UL320_.jpg,https://www.amazon.com/Dsewpaur-Oversized-Leopard-Sweatshirt-Pullover/dp/B0DCVV1Q8J/ref=sr_1_14?dib=eyJ2IjoiMSJ9.xrKnw3weiyepLpn7y6IA87pw0oRGFnDYIwsUlYKwUbQchsxgGTRohEWDJaUovg9NWDKsCBi7GWpjaEKryPfGwacS1kjmzNAwFW8RZuotFIUfCmLCOL-7Cnihz_3vNZT3zb8VEbINXBzAeHnh_piJ5GTRdst4u75OTiyQVp9zGWcmZ7z2StINX_EJ5Fkma93JWdEHs6j-tudJEaM-Wqc_CwwEav-oeElU4rCdfRTybs7xRxQkED4QVF0yejOthKRo-0Pd7PMmSa3_7g3lpfiOoclZI9qtzLvdFqfnnFzqZA_7xlJFUhh0GUANBfcuFb3BQ6qTg0OEv2ua7L2r6ZHBIqDdDlpEBboM5o9GYqjZG29mSTZf5NPIIYCxf2NqAWxYtI3c_G8ltVxp2715wJxF0Zk3tCn4W3RjyMQ37_cDd1Q8DkCgmtevIoAgnXvQ7QDa.QZmoBcmDWso1S20rAw_D6uX_gkhKnp2uJiHdDEnxYYk&dib_tag=se&keywords=Loose+Fit+Printed+Hoodie&qid=1739345015&sr=8-14,2025-02-12T07:23:50.943Z
Dokotoo Hoodies for Women Waffle Knit Long Sleeve Drawstring Button V Neck Casual Pullover Sweatshirt Hooded Tops,31,740,https://m.media-amazon.com/images/I/71AuTFUoygL._AC_UL320_.jpg,https://www.amazon.com/Dokotoo-Sweatshirts-Drawstring-Oversized-Sweatshirt/dp/B0D6VWY48J/ref=sr_1_15?dib=eyJ2IjoiMSJ9.xrKnw3weiyepLpn7y6IA87pw0oRGFnDYIwsUlYKwUbQchsxgGTRohEWDJaUovg9NWDKsCBi7GWpjaEKryPfGwacS1kjmzNAwFW8RZuotFIUfCmLCOL-7Cnihz_3vNZT3zb8VEbINXBzAeHnh_piJ5GTRdst4u75OTiyQVp9zGWcmZ7z2StINX_EJ5Fkma93JWdEHs6j-tudJEaM-Wqc_CwwEav-oeElU4rCdfRTybs7xRxQkED4QVF0yejOthKRo-0Pd7PMmSa3_7g3lpfiOoclZI9qtzLvdFqfnnFzqZA_7xlJFUhh0GUANBfcuFb3BQ6qTg0OEv2ua7L2r6ZHBIqDdDlpEBboM5o9GYqjZG29mSTZf5NPIIYCxf2NqAWxYtI3c_G8ltVxp2715wJxF0Zk3tCn4W3RjyMQ37_cDd1Q8DkCgmtevIoAgnXvQ7QDa.QZmoBcmDWso1S20rAw_D6uX_gkhKnp2uJiHdDEnxYYk&dib_tag=se&keywords=Loose+Fit+Printed+Hoodie&qid=1739345015&sr=8-15,2025-02-12T07:23:51.245Z
Champion Men's Powerblend Fleece Hoodie Sweatshirt with Script Logo (Regular and Big & Tall),33,"67,438",https://m.media-amazon.com/images/I/91kH416Bf0L._AC_UL320_.jpg,https://www.amazon.com/Champion-Powerblend-Comfortable-Sweatshirt-3X-Large/dp/B0BNK29NHY/ref=sr_1_16?dib=eyJ2IjoiMSJ9.xrKnw3weiyepLpn7y6IA87pw0oRGFnDYIwsUlYKwUbQchsxgGTRohEWDJaUovg9NWDKsCBi7GWpjaEKryPfGwacS1kjmzNAwFW8RZuotFIUfCmLCOL-7Cnihz_3vNZT3zb8VEbINXBzAeHnh_piJ5GTRdst4u75OTiyQVp9zGWcmZ7z2StINX_EJ5Fkma93JWdEHs6j-tudJEaM-Wqc_CwwEav-oeElU4rCdfRTybs7xRxQkED4QVF0yejOthKRo-0Pd7PMmSa3_7g3lpfiOoclZI9qtzLvdFqfnnFzqZA_7xlJFUhh0GUANBfcuFb3BQ6qTg0OEv2ua7L2r6ZHBIqDdDlpEBboM5o9GYqjZG29mSTZf5NPIIYCxf2NqAWxYtI3c_G8ltVxp2715wJxF0Zk3tCn4W3RjyMQ37_cDd1Q8DkCgmtevIoAgnXvQ7QDa.QZmoBcmDWso1S20rAw_D6uX_gkhKnp2uJiHdDEnxYYk&dib_tag=se&keywords=Loose+Fit+Printed+Hoodie&qid=1739345015&sr=8-16,2025-02-12T07:23:51.500Z
DONCARE Saint Tears Camouflage Vintage Full Patterm Print Hoodie Oversized Casual Daily Match Sweatshirts,35,3,https://m.media-amazon.com/images/I/810PalSUsJL._AC_UL320_.jpg,https://www.amazon.com/DONCARE-version-camouflage-All-Over-Sweatshirt/dp/B0DGL7SFMX/ref=sr_1_17?dib=eyJ2IjoiMSJ9.xrKnw3weiyepLpn7y6IA87pw0oRGFnDYIwsUlYKwUbQchsxgGTRohEWDJaUovg9NWDKsCBi7GWpjaEKryPfGwacS1kjmzNAwFW8RZuotFIUfCmLCOL-7Cnihz_3vNZT3zb8VEbINXBzAeHnh_piJ5GTRdst4u75OTiyQVp9zGWcmZ7z2StINX_EJ5Fkma93JWdEHs6j-tudJEaM-Wqc_CwwEav-oeElU4rCdfRTybs7xRxQkED4QVF0yejOthKRo-0Pd7PMmSa3_7g3lpfiOoclZI9qtzLvdFqfnnFzqZA_7xlJFUhh0GUANBfcuFb3BQ6qTg0OEv2ua7L2r6ZHBIqDdDlpEBboM5o9GYqjZG29mSTZf5NPIIYCxf2NqAWxYtI3c_G8ltVxp2715wJxF0Zk3tCn4W3RjyMQ37_cDd1Q8DkCgmtevIoAgnXvQ7QDa.QZmoBcmDWso1S20rAw_D6uX_gkhKnp2uJiHdDEnxYYk&dib_tag=se&keywords=Loose+Fit+Printed+Hoodie&qid=1739345015&sr=8-17,2025-02-12T07:23:51.994Z
Argeousgor Women Y2k Graphic Print Hoodies Teen Girls Pullover Sweatshirt Long Sleeve Crewneck Aesthetic Loose Fit Top,34,5,https://m.media-amazon.com/images/I/61ROHqtWofL._AC_UL320_.jpg,https://www.amazon.com/Argeousgor-Embroidery-Pullover-Sweatshirt-Aesthetic/dp/B0DQ81XX3K/ref=sr_1_18?dib=eyJ2IjoiMSJ9.xrKnw3weiyepLpn7y6IA87pw0oRGFnDYIwsUlYKwUbQchsxgGTRohEWDJaUovg9NWDKsCBi7GWpjaEKryPfGwacS1kjmzNAwFW8RZuotFIUfCmLCOL-7Cnihz_3vNZT3zb8VEbINXBzAeHnh_piJ5GTRdst4u75OTiyQVp9zGWcmZ7z2StINX_EJ5Fkma93JWdEHs6j-tudJEaM-Wqc_CwwEav-oeElU4rCdfRTybs7xRxQkED4QVF0yejOthKRo-0Pd7PMmSa3_7g3lpfiOoclZI9qtzLvdFqfnnFzqZA_7xlJFUhh0GUANBfcuFb3BQ6qTg0OEv2ua7L2r6ZHBIqDdDlpEBboM5o9GYqjZG29mSTZf5NPIIYCxf2NqAWxYtI3c_G8ltVxp2715wJxF0Zk3tCn4W3RjyMQ37_cDd1Q8DkCgmtevIoAgnXvQ7QDa.QZmoBcmDWso1S20rAw_D6uX_gkhKnp2uJiHdDEnxYYk&dib_tag=se&keywords=Loose+Fit+Printed+Hoodie&qid=1739345015&sr=8-18,2025-02-12T07:23:52.553Z
Zeagoo Womens Oversized Hoodies Fleece Sweatshirts Long Sleeve Pullover with Pocket 2024 Fall Winter Outfits Y2k Clothes,26,235,https://m.media-amazon.com/images/I/715RoBbAeBL._AC_UL320_.jpg,https://www.amazon.com/Zeagoo-Lightweight-Hoodies-Sweatshirts-Pullover/dp/B0D92854QR/ref=sr_1_19?dib=eyJ2IjoiMSJ9.xrKnw3weiyepLpn7y6IA87pw0oRGFnDYIwsUlYKwUbQchsxgGTRohEWDJaUovg9NWDKsCBi7GWpjaEKryPfGwacS1kjmzNAwFW8RZuotFIUfCmLCOL-7Cnihz_3vNZT3zb8VEbINXBzAeHnh_piJ5GTRdst4u75OTiyQVp9zGWcmZ7z2StINX_EJ5Fkma93JWdEHs6j-tudJEaM-Wqc_CwwEav-oeElU4rCdfRTybs7xRxQkED4QVF0yejOthKRo-0Pd7PMmSa3_7g3lpfiOoclZI9qtzLvdFqfnnFzqZA_7xlJFUhh0GUANBfcuFb3BQ6qTg0OEv2ua7L2r6ZHBIqDdDlpEBboM5o9GYqjZG29mSTZf5NPIIYCxf2NqAWxYtI3c_G8ltVxp2715wJxF0Zk3tCn4W3RjyMQ37_cDd1Q8DkCgmtevIoAgnXvQ7QDa.QZmoBcmDWso1S20rAw_D6uX_gkhKnp2uJiHdDEnxYYk&dib_tag=se&keywords=Loose+Fit+Printed+Hoodie&qid=1739345015&sr=8-19,2025-02-12T07:23:52.898Z
onlypuff Women's Pullover Hoodies Teen Girls Trendy Fall Fashion Tops Hooded Sweatshirts,26,"16,628",https://m.media-amazon.com/images/I/71Lci21y24L._AC_UL320_.jpg,https://www.amazon.com/onlypuff-Casual-Sweatshirt-Hoodies-Floral/dp/B08K8J52SX/ref=sr_1_20?dib=eyJ2IjoiMSJ9.xrKnw3weiyepLpn7y6IA87pw0oRGFnDYIwsUlYKwUbQchsxgGTRohEWDJaUovg9NWDKsCBi7GWpjaEKryPfGwacS1kjmzNAwFW8RZuotFIUfCmLCOL-7Cnihz_3vNZT3zb8VEbINXBzAeHnh_piJ5GTRdst4u75OTiyQVp9zGWcmZ7z2StINX_EJ5Fkma93JWdEHs6j-tudJEaM-Wqc_CwwEav-oeElU4rCdfRTybs7xRxQkED4QVF0yejOthKRo-0Pd7PMmSa3_7g3lpfiOoclZI9qtzLvdFqfnnFzqZA_7xlJFUhh0GUANBfcuFb3BQ6qTg0OEv2ua7L2r6ZHBIqDdDlpEBboM5o9GYqjZG29mSTZf5NPIIYCxf2NqAWxYtI3c_G8ltVxp2715wJxF0Zk3tCn4W3RjyMQ37_cDd1Q8DkCgmtevIoAgnXvQ7QDa.QZmoBcmDWso1S20rAw_D6uX_gkhKnp2uJiHdDEnxYYk&dib_tag=se&keywords=Loose+Fit+Printed+Hoodie&qid=1739345015&sr=8-20,2025-02-12T07:23:53.322Z
TICTICMIMI Women Sunflower Print Sweatshirts Color Block Long Sleeve Hoodies Lightweight Drawstring Pullover Tops,29,447,https://m.media-amazon.com/images/I/613pC8Bj1nL._AC_UL320_.jpg,https://www.amazon.com/TICTICMIMI-Sweatshirts-Drawstring-Lightweight-Sweatshirt/dp/B09H4QK7QC/ref=sr_1_21?dib=eyJ2IjoiMSJ9.xrKnw3weiyepLpn7y6IA87pw0oRGFnDYIwsUlYKwUbQchsxgGTRohEWDJaUovg9NWDKsCBi7GWpjaEKryPfGwacS1kjmzNAwFW8RZuotFIUfCmLCOL-7Cnihz_3vNZT3zb8VEbINXBzAeHnh_piJ5GTRdst4u75OTiyQVp9zGWcmZ7z2StINX_EJ5Fkma93JWdEHs6j-tudJEaM-Wqc_CwwEav-oeElU4rCdfRTybs7xRxQkED4QVF0yejOthKRo-0Pd7PMmSa3_7g3lpfiOoclZI9qtzLvdFqfnnFzqZA_7xlJFUhh0GUANBfcuFb3BQ6qTg0OEv2ua7L2r6ZHBIqDdDlpEBboM5o9GYqjZG29mSTZf5NPIIYCxf2NqAWxYtI3c_G8ltVxp2715wJxF0Zk3tCn4W3RjyMQ37_cDd1Q8DkCgmtevIoAgnXvQ7QDa.QZmoBcmDWso1S20rAw_D6uX_gkhKnp2uJiHdDEnxYYk&dib_tag=se&keywords=Loose+Fit+Printed+Hoodie&qid=1739345015&sr=8-21,2025-02-12T07:23:53.651Z
Leopard Print Hoodies for Women Oversized Camo Hoodie Cheetah Hoodie Pullover Tops Y2k Graphic Hoodie with Pocket,34,15,https://m.media-amazon.com/images/I/61hYjOKP5OL._AC_UL320_.jpg,https://www.amazon.com/Leopard-Hoodies-Oversized-Cheetah-Pullover/dp/B0DFQ5Q659/ref=sr_1_22?dib=eyJ2IjoiMSJ9.xrKnw3weiyepLpn7y6IA87pw0oRGFnDYIwsUlYKwUbQchsxgGTRohEWDJaUovg9NWDKsCBi7GWpjaEKryPfGwacS1kjmzNAwFW8RZuotFIUfCmLCOL-7Cnihz_3vNZT3zb8VEbINXBzAeHnh_piJ5GTRdst4u75OTiyQVp9zGWcmZ7z2StINX_EJ5Fkma93JWdEHs6j-tudJEaM-Wqc_CwwEav-oeElU4rCdfRTybs7xRxQkED4QVF0yejOthKRo-0Pd7PMmSa3_7g3lpfiOoclZI9qtzLvdFqfnnFzqZA_7xlJFUhh0GUANBfcuFb3BQ6qTg0OEv2ua7L2r6ZHBIqDdDlpEBboM5o9GYqjZG29mSTZf5NPIIYCxf2NqAWxYtI3c_G8ltVxp2715wJxF0Zk3tCn4W3RjyMQ37_cDd1Q8DkCgmtevIoAgnXvQ7QDa.QZmoBcmDWso1S20rAw_D6uX_gkhKnp2uJiHdDEnxYYk&dib_tag=se&keywords=Loose+Fit+Printed+Hoodie&qid=1739345015&sr=8-22,2025-02-12T07:23:53.833Z
Men's Casual Sweatshirts Hooded Long Sleeve Waffle Drawstring Color Block Sweaters with Pockets,29,54,https://m.media-amazon.com/images/I/71eAsW4gnfL._AC_UL320_.jpg,https://www.amazon.com/Dokotoo-Men-Lightweight-Sweatshirts-Drawstring/dp/B0DHQNM4T2/ref=sr_1_23?dib=eyJ2IjoiMSJ9.xrKnw3weiyepLpn7y6IA87pw0oRGFnDYIwsUlYKwUbQchsxgGTRohEWDJaUovg9NWDKsCBi7GWpjaEKryPfGwacS1kjmzNAwFW8RZuotFIUfCmLCOL-7Cnihz_3vNZT3zb8VEbINXBzAeHnh_piJ5GTRdst4u75OTiyQVp9zGWcmZ7z2StINX_EJ5Fkma93JWdEHs6j-tudJEaM-Wqc_CwwEav-oeElU4rCdfRTybs7xRxQkED4QVF0yejOthKRo-0Pd7PMmSa3_7g3lpfiOoclZI9qtzLvdFqfnnFzqZA_7xlJFUhh0GUANBfcuFb3BQ6qTg0OEv2ua7L2r6ZHBIqDdDlpEBboM5o9GYqjZG29mSTZf5NPIIYCxf2NqAWxYtI3c_G8ltVxp2715wJxF0Zk3tCn4W3RjyMQ37_cDd1Q8DkCgmtevIoAgnXvQ7QDa.QZmoBcmDWso1S20rAw_D6uX_gkhKnp2uJiHdDEnxYYk&dib_tag=se&keywords=Loose+Fit+Printed+Hoodie&qid=1739345015&sr=8-23,2025-02-12T07:23:54.072Z
Carhartt Women's Relaxed Fit Midweight Logo Sleeve Graphic Sweatshirt (Also Available in Plus Sizes) Closeout,41,"4,437",https://m.media-amazon.com/images/I/511rF6cj-3L._AC_UL320_.jpg,https://www.amazon.com/Carhartt-Relaxed-Midweight-Graphic-Sweatshirt/dp/B0BNJNRYR3/ref=sr_1_24?dib=eyJ2IjoiMSJ9.xrKnw3weiyepLpn7y6IA87pw0oRGFnDYIwsUlYKwUbQchsxgGTRohEWDJaUovg9NWDKsCBi7GWpjaEKryPfGwacS1kjmzNAwFW8RZuotFIUfCmLCOL-7Cnihz_3vNZT3zb8VEbINXBzAeHnh_piJ5GTRdst4u75OTiyQVp9zGWcmZ7z2StINX_EJ5Fkma93JWdEHs6j-tudJEaM-Wqc_CwwEav-oeElU4rCdfRTybs7xRxQkED4QVF0yejOthKRo-0Pd7PMmSa3_7g3lpfiOoclZI9qtzLvdFqfnnFzqZA_7xlJFUhh0GUANBfcuFb3BQ6qTg0OEv2ua7L2r6ZHBIqDdDlpEBboM5o9GYqjZG29mSTZf5NPIIYCxf2NqAWxYtI3c_G8ltVxp2715wJxF0Zk3tCn4W3RjyMQ37_cDd1Q8DkCgmtevIoAgnXvQ7QDa.QZmoBcmDWso1S20rAw_D6uX_gkhKnp2uJiHdDEnxYYk&dib_tag=se&keywords=Loose+Fit+Printed+Hoodie&qid=1739345015&sr=8-24,2025-02-12T07:23:54.232Z
Zeagoo Women's Lightweight Hoodies Full Zip Up Oversized Sweatshirts with Pockets Long Sleeve Thin Casual Hooded Jackets,29,340,https://m.media-amazon.com/images/I/71OCteQzZdL._AC_UL320_.jpg,https://www.amazon.com/Zeagoo-Casual-Hoodie-Sweatshirt-Pockets/dp/B0D1FTW34Z/ref=sr_1_25?dib=eyJ2IjoiMSJ9.xrKnw3weiyepLpn7y6IA87pw0oRGFnDYIwsUlYKwUbQchsxgGTRohEWDJaUovg9NWDKsCBi7GWpjaEKryPfGwacS1kjmzNAwFW8RZuotFIUfCmLCOL-7Cnihz_3vNZT3zb8VEbINXBzAeHnh_piJ5GTRdst4u75OTiyQVp9zGWcmZ7z2StINX_EJ5Fkma93JWdEHs6j-tudJEaM-Wqc_CwwEav-oeElU4rCdfRTybs7xRxQkED4QVF0yejOthKRo-0Pd7PMmSa3_7g3lpfiOoclZI9qtzLvdFqfnnFzqZA_7xlJFUhh0GUANBfcuFb3BQ6qTg0OEv2ua7L2r6ZHBIqDdDlpEBboM5o9GYqjZG29mSTZf5NPIIYCxf2NqAWxYtI3c_G8ltVxp2715wJxF0Zk3tCn4W3RjyMQ37_cDd1Q8DkCgmtevIoAgnXvQ7QDa.QZmoBcmDWso1S20rAw_D6uX_gkhKnp2uJiHdDEnxYYk&dib_tag=se&keywords=Loose+Fit+Printed+Hoodie&qid=1739345015&sr=8-25,2025-02-12T07:23:54.561Z
Zeagoo Womens Oversized Sweatshirts Graphic Print Long Sleeve Crewneck Lightweight Hoodies Thin Casual Loose Pullover Tops,29,60,https://m.media-amazon.com/images/I/61D8lgqJoAL._AC_UL320_.jpg,https://www.amazon.com/Zeagoo-Womens-Hoodies-Pullover-Sweatshirt/dp/B0D2KR8D47/ref=sr_1_26?dib=eyJ2IjoiMSJ9.xrKnw3weiyepLpn7y6IA87pw0oRGFnDYIwsUlYKwUbQchsxgGTRohEWDJaUovg9NWDKsCBi7GWpjaEKryPfGwacS1kjmzNAwFW8RZuotFIUfCmLCOL-7Cnihz_3vNZT3zb8VEbINXBzAeHnh_piJ5GTRdst4u75OTiyQVp9zGWcmZ7z2StINX_EJ5Fkma93JWdEHs6j-tudJEaM-Wqc_CwwEav-oeElU4rCdfRTybs7xRxQkED4QVF0yejOthKRo-0Pd7PMmSa3_7g3lpfiOoclZI9qtzLvdFqfnnFzqZA_7xlJFUhh0GUANBfcuFb3BQ6qTg0OEv2ua7L2r6ZHBIqDdDlpEBboM5o9GYqjZG29mSTZf5NPIIYCxf2NqAWxYtI3c_G8ltVxp2715wJxF0Zk3tCn4W3RjyMQ37_cDd1Q8DkCgmtevIoAgnXvQ7QDa.QZmoBcmDWso1S20rAw_D6uX_gkhKnp2uJiHdDEnxYYk&dib_tag=se&keywords=Loose+Fit+Printed+Hoodie&qid=1739345015&sr=8-26,2025-02-12T07:23:54.783Z
Hilinker Women's Graphic Crewneck Sweatshirt Casual Loose Long Sleeve Pullover Tops,24,31,https://m.media-amazon.com/images/I/71b5PqS7tmL._AC_UL320_.jpg,https://www.amazon.com/Hilinker-Graphic-Crewneck-Sweatshirts-Pullover/dp/B0DBG9MP7R/ref=sr_1_27?dib=eyJ2IjoiMSJ9.xrKnw3weiyepLpn7y6IA87pw0oRGFnDYIwsUlYKwUbQchsxgGTRohEWDJaUovg9NWDKsCBi7GWpjaEKryPfGwacS1kjmzNAwFW8RZuotFIUfCmLCOL-7Cnihz_3vNZT3zb8VEbINXBzAeHnh_piJ5GTRdst4u75OTiyQVp9zGWcmZ7z2StINX_EJ5Fkma93JWdEHs6j-tudJEaM-Wqc_CwwEav-oeElU4rCdfRTybs7xRxQkED4QVF0yejOthKRo-0Pd7PMmSa3_7g3lpfiOoclZI9qtzLvdFqfnnFzqZA_7xlJFUhh0GUANBfcuFb3BQ6qTg0OEv2ua7L2r6ZHBIqDdDlpEBboM5o9GYqjZG29mSTZf5NPIIYCxf2NqAWxYtI3c_G8ltVxp2715wJxF0Zk3tCn4W3RjyMQ37_cDd1Q8DkCgmtevIoAgnXvQ7QDa.QZmoBcmDWso1S20rAw_D6uX_gkhKnp2uJiHdDEnxYYk&dib_tag=se&keywords=Loose+Fit+Printed+Hoodie&qid=1739345015&sr=8-27,2025-02-12T07:23:54.962Z
YMING Womens St. Patrick's Day Clover Print Hoodie Casual Long Sleeve Sweatshirt Irish Shamrock Pullover Tops,23,88,https://m.media-amazon.com/images/I/71fqFQ8ee-L._AC_UL320_.jpg,https://www.amazon.com/YMING-Womens-Patricks-Shamrock-Printed/dp/B0BKZ7M63R/ref=sr_1_28?dib=eyJ2IjoiMSJ9.xrKnw3weiyepLpn7y6IA87pw0oRGFnDYIwsUlYKwUbQchsxgGTRohEWDJaUovg9NWDKsCBi7GWpjaEKryPfGwacS1kjmzNAwFW8RZuotFIUfCmLCOL-7Cnihz_3vNZT3zb8VEbINXBzAeHnh_piJ5GTRdst4u75OTiyQVp9zGWcmZ7z2StINX_EJ5Fkma93JWdEHs6j-tudJEaM-Wqc_CwwEav-oeElU4rCdfRTybs7xRxQkED4QVF0yejOthKRo-0Pd7PMmSa3_7g3lpfiOoclZI9qtzLvdFqfnnFzqZA_7xlJFUhh0GUANBfcuFb3BQ6qTg0OEv2ua7L2r6ZHBIqDdDlpEBboM5o9GYqjZG29mSTZf5NPIIYCxf2NqAWxYtI3c_G8ltVxp2715wJxF0Zk3tCn4W3RjyMQ37_cDd1Q8DkCgmtevIoAgnXvQ7QDa.QZmoBcmDWso1S20rAw_D6uX_gkhKnp2uJiHdDEnxYYk&dib_tag=se&keywords=Loose+Fit+Printed+Hoodie&qid=1739345015&sr=8-28,2025-02-12T07:23:55.128Z
Forchrinse Green Palm Tree Sea Beach Mens Hoodies Pullover Long Sleeve Fleece Hoodie Cozy Sport Casual Outwear,35,29,https://m.media-amazon.com/images/I/61mucMiWoyL._AC_UL320_.jpg,https://www.amazon.com/Forchrinse-Hibiscus-Plumeria-Sweatshirt-Pullover/dp/B0BJ6QCWPW/ref=sr_1_29?dib=eyJ2IjoiMSJ9.xrKnw3weiyepLpn7y6IA87pw0oRGFnDYIwsUlYKwUbQchsxgGTRohEWDJaUovg9NWDKsCBi7GWpjaEKryPfGwacS1kjmzNAwFW8RZuotFIUfCmLCOL-7Cnihz_3vNZT3zb8VEbINXBzAeHnh_piJ5GTRdst4u75OTiyQVp9zGWcmZ7z2StINX_EJ5Fkma93JWdEHs6j-tudJEaM-Wqc_CwwEav-oeElU4rCdfRTybs7xRxQkED4QVF0yejOthKRo-0Pd7PMmSa3_7g3lpfiOoclZI9qtzLvdFqfnnFzqZA_7xlJFUhh0GUANBfcuFb3BQ6qTg0OEv2ua7L2r6ZHBIqDdDlpEBboM5o9GYqjZG29mSTZf5NPIIYCxf2NqAWxYtI3c_G8ltVxp2715wJxF0Zk3tCn4W3RjyMQ37_cDd1Q8DkCgmtevIoAgnXvQ7QDa.QZmoBcmDWso1S20rAw_D6uX_gkhKnp2uJiHdDEnxYYk&dib_tag=se&keywords=Loose+Fit+Printed+Hoodie&qid=1739345015&sr=8-29,2025-02-12T07:23:55.251Z
ORANDESIGNE Woman Letter Graphic Print Cropped Hoodie Long Sleeve Crop Fleece Casual Workout Loose Pullover Sweatshirt Tops,28,85,https://m.media-amazon.com/images/I/71OL57AjjdL._AC_UL320_.jpg,https://www.amazon.com/ORANDESIGNE-Graphic-Pullover-Sweatshirt-XX-Large/dp/B0C9TVJZ3C/ref=sr_1_30?dib=eyJ2IjoiMSJ9.xrKnw3weiyepLpn7y6IA87pw0oRGFnDYIwsUlYKwUbQchsxgGTRohEWDJaUovg9NWDKsCBi7GWpjaEKryPfGwacS1kjmzNAwFW8RZuotFIUfCmLCOL-7Cnihz_3vNZT3zb8VEbINXBzAeHnh_piJ5GTRdst4u75OTiyQVp9zGWcmZ7z2StINX_EJ5Fkma93JWdEHs6j-tudJEaM-Wqc_CwwEav-oeElU4rCdfRTybs7xRxQkED4QVF0yejOthKRo-0Pd7PMmSa3_7g3lpfiOoclZI9qtzLvdFqfnnFzqZA_7xlJFUhh0GUANBfcuFb3BQ6qTg0OEv2ua7L2r6ZHBIqDdDlpEBboM5o9GYqjZG29mSTZf5NPIIYCxf2NqAWxYtI3c_G8ltVxp2715wJxF0Zk3tCn4W3RjyMQ37_cDd1Q8DkCgmtevIoAgnXvQ7QDa.QZmoBcmDWso1S20rAw_D6uX_gkhKnp2uJiHdDEnxYYk&dib_tag=se&keywords=Loose+Fit+Printed+Hoodie&qid=1739345015&sr=8-30,2025-02-12T07:23:55.395Z
Zeagoo Christmas Sweatshirt for Women Crewneck Christmas Tree Long Sleeve Shirt Xmas Holiday Party Pullover Sweater Tops,14,88,https://m.media-amazon.com/images/I/81L3rdEgwmL._AC_UL320_.jpg,https://www.amazon.com/Zeagoo-Christmas-Sweatshirts-Pullover-Lightweight/dp/B0DDKGMGCX/ref=sr_1_31?dib=eyJ2IjoiMSJ9.xrKnw3weiyepLpn7y6IA87pw0oRGFnDYIwsUlYKwUbQchsxgGTRohEWDJaUovg9NWDKsCBi7GWpjaEKryPfGwacS1kjmzNAwFW8RZuotFIUfCmLCOL-7Cnihz_3vNZT3zb8VEbINXBzAeHnh_piJ5GTRdst4u75OTiyQVp9zGWcmZ7z2StINX_EJ5Fkma93JWdEHs6j-tudJEaM-Wqc_CwwEav-oeElU4rCdfRTybs7xRxQkED4QVF0yejOthKRo-0Pd7PMmSa3_7g3lpfiOoclZI9qtzLvdFqfnnFzqZA_7xlJFUhh0GUANBfcuFb3BQ6qTg0OEv2ua7L2r6ZHBIqDdDlpEBboM5o9GYqjZG29mSTZf5NPIIYCxf2NqAWxYtI3c_G8ltVxp2715wJxF0Zk3tCn4W3RjyMQ37_cDd1Q8DkCgmtevIoAgnXvQ7QDa.QZmoBcmDWso1S20rAw_D6uX_gkhKnp2uJiHdDEnxYYk&dib_tag=se&keywords=Loose+Fit+Printed+Hoodie&qid=1739345015&sr=8-31,2025-02-12T07:23:55.564Z
Carhartt Men's Loose Fit Heavyweight Long-Sleeve Logo Sleeve Graphic T-Shirt,29,"29,559",https://m.media-amazon.com/images/I/51nIPpucktL._AC_UL320_.jpg,https://www.amazon.com/CarharttMenLoose-Heavyweight-Long-Sleeve-Graphic-T-ShirtBlackMedium/dp/B002DEZFE2/ref=sr_1_32?dib=eyJ2IjoiMSJ9.xrKnw3weiyepLpn7y6IA87pw0oRGFnDYIwsUlYKwUbQchsxgGTRohEWDJaUovg9NWDKsCBi7GWpjaEKryPfGwacS1kjmzNAwFW8RZuotFIUfCmLCOL-7Cnihz_3vNZT3zb8VEbINXBzAeHnh_piJ5GTRdst4u75OTiyQVp9zGWcmZ7z2StINX_EJ5Fkma93JWdEHs6j-tudJEaM-Wqc_CwwEav-oeElU4rCdfRTybs7xRxQkED4QVF0yejOthKRo-0Pd7PMmSa3_7g3lpfiOoclZI9qtzLvdFqfnnFzqZA_7xlJFUhh0GUANBfcuFb3BQ6qTg0OEv2ua7L2r6ZHBIqDdDlpEBboM5o9GYqjZG29mSTZf5NPIIYCxf2NqAWxYtI3c_G8ltVxp2715wJxF0Zk3tCn4W3RjyMQ37_cDd1Q8DkCgmtevIoAgnXvQ7QDa.QZmoBcmDWso1S20rAw_D6uX_gkhKnp2uJiHdDEnxYYk&dib_tag=se&keywords=Loose+Fit+Printed+Hoodie&qid=1739345015&sr=8-32,2025-02-12T07:23:55.836Z
Micoson Women's Oversized Graphic Letter Print Sweatshirts Crewneck Fleece Pullover Tops Fall Winter Fashion Clothes 2024,30,108,https://m.media-amazon.com/images/I/8103H77xc1L._AC_UL320_.jpg,https://www.amazon.com/Micoson-Sweatshirts-Pullover-Crewneck-Oversized/dp/B0D5GPPXMQ/ref=sr_1_33?dib=eyJ2IjoiMSJ9.xrKnw3weiyepLpn7y6IA87pw0oRGFnDYIwsUlYKwUbQchsxgGTRohEWDJaUovg9NWDKsCBi7GWpjaEKryPfGwacS1kjmzNAwFW8RZuotFIUfCmLCOL-7Cnihz_3vNZT3zb8VEbINXBzAeHnh_piJ5GTRdst4u75OTiyQVp9zGWcmZ7z2StINX_EJ5Fkma93JWdEHs6j-tudJEaM-Wqc_CwwEav-oeElU4rCdfRTybs7xRxQkED4QVF0yejOthKRo-0Pd7PMmSa3_7g3lpfiOoclZI9qtzLvdFqfnnFzqZA_7xlJFUhh0GUANBfcuFb3BQ6qTg0OEv2ua7L2r6ZHBIqDdDlpEBboM5o9GYqjZG29mSTZf5NPIIYCxf2NqAWxYtI3c_G8ltVxp2715wJxF0Zk3tCn4W3RjyMQ37_cDd1Q8DkCgmtevIoAgnXvQ7QDa.QZmoBcmDWso1S20rAw_D6uX_gkhKnp2uJiHdDEnxYYk&dib_tag=se&keywords=Loose+Fit+Printed+Hoodie&qid=1739345015&sr=8-33,2025-02-12T07:23:56.576Z
Women's Short Sleeve Workout Shirts Crewneck Sports Yoga Running Dry Fit Tops Side Split Tee,24,770,https://m.media-amazon.com/images/I/81BwCdofxyL._AC_UL320_.jpg,https://www.amazon.com/Abrooical-Womens-Sportswear-Comfort-Running/dp/B0D6N5GG6X/ref=sr_1_34?dib=eyJ2IjoiMSJ9.xrKnw3weiyepLpn7y6IA87pw0oRGFnDYIwsUlYKwUbQchsxgGTRohEWDJaUovg9NWDKsCBi7GWpjaEKryPfGwacS1kjmzNAwFW8RZuotFIUfCmLCOL-7Cnihz_3vNZT3zb8VEbINXBzAeHnh_piJ5GTRdst4u75OTiyQVp9zGWcmZ7z2StINX_EJ5Fkma93JWdEHs6j-tudJEaM-Wqc_CwwEav-oeElU4rCdfRTybs7xRxQkED4QVF0yejOthKRo-0Pd7PMmSa3_7g3lpfiOoclZI9qtzLvdFqfnnFzqZA_7xlJFUhh0GUANBfcuFb3BQ6qTg0OEv2ua7L2r6ZHBIqDdDlpEBboM5o9GYqjZG29mSTZf5NPIIYCxf2NqAWxYtI3c_G8ltVxp2715wJxF0Zk3tCn4W3RjyMQ37_cDd1Q8DkCgmtevIoAgnXvQ7QDa.QZmoBcmDWso1S20rAw_D6uX_gkhKnp2uJiHdDEnxYYk&dib_tag=se&keywords=Loose+Fit+Printed+Hoodie&qid=1739345015&sr=8-34,2025-02-12T07:23:56.720Z
Unisex SAINT Hip Hop Vintage Full Patterm High Printed Loose Hooded Hoodie With Pocket,40,nil,https://m.media-amazon.com/images/I/81oTqZcu8CL._AC_UL320_.jpg,https://www.amazon.com/Loose-Fit-Pattern-Camouflage-Vintage-Sweatshirt/dp/B0DG8VV1ZM/ref=sr_1_35?dib=eyJ2IjoiMSJ9.xrKnw3weiyepLpn7y6IA87pw0oRGFnDYIwsUlYKwUbQchsxgGTRohEWDJaUovg9NWDKsCBi7GWpjaEKryPfGwacS1kjmzNAwFW8RZuotFIUfCmLCOL-7Cnihz_3vNZT3zb8VEbINXBzAeHnh_piJ5GTRdst4u75OTiyQVp9zGWcmZ7z2StINX_EJ5Fkma93JWdEHs6j-tudJEaM-Wqc_CwwEav-oeElU4rCdfRTybs7xRxQkED4QVF0yejOthKRo-0Pd7PMmSa3_7g3lpfiOoclZI9qtzLvdFqfnnFzqZA_7xlJFUhh0GUANBfcuFb3BQ6qTg0OEv2ua7L2r6ZHBIqDdDlpEBboM5o9GYqjZG29mSTZf5NPIIYCxf2NqAWxYtI3c_G8ltVxp2715wJxF0Zk3tCn4W3RjyMQ37_cDd1Q8DkCgmtevIoAgnXvQ7QDa.QZmoBcmDWso1S20rAw_D6uX_gkhKnp2uJiHdDEnxYYk&dib_tag=se&keywords=Loose+Fit+Printed+Hoodie&qid=1739345015&sr=8-35,2025-02-12T07:23:56.840Z
Womens Camo Hoodie Y2k Oversized Leopard Print Hoodie Vintage Long Sleeve Sweatshirts Pullover Jackets Streetwear,34,13,https://m.media-amazon.com/images/I/71mr-PzGWKL._AC_UL320_.jpg,https://www.amazon.com/Oversized-Leopard-Sweatshirts-Pullover-Streetwear/dp/B0DFLJJD9S/ref=sr_1_36?dib=eyJ2IjoiMSJ9.xrKnw3weiyepLpn7y6IA87pw0oRGFnDYIwsUlYKwUbQchsxgGTRohEWDJaUovg9NWDKsCBi7GWpjaEKryPfGwacS1kjmzNAwFW8RZuotFIUfCmLCOL-7Cnihz_3vNZT3zb8VEbINXBzAeHnh_piJ5GTRdst4u75OTiyQVp9zGWcmZ7z2StINX_EJ5Fkma93JWdEHs6j-tudJEaM-Wqc_CwwEav-oeElU4rCdfRTybs7xRxQkED4QVF0yejOthKRo-0Pd7PMmSa3_7g3lpfiOoclZI9qtzLvdFqfnnFzqZA_7xlJFUhh0GUANBfcuFb3BQ6qTg0OEv2ua7L2r6ZHBIqDdDlpEBboM5o9GYqjZG29mSTZf5NPIIYCxf2NqAWxYtI3c_G8ltVxp2715wJxF0Zk3tCn4W3RjyMQ37_cDd1Q8DkCgmtevIoAgnXvQ7QDa.QZmoBcmDWso1S20rAw_D6uX_gkhKnp2uJiHdDEnxYYk&dib_tag=se&keywords=Loose+Fit+Printed+Hoodie&qid=1739345015&sr=8-36,2025-02-12T07:23:57.017Z
LOMON Oversized Sweatshirt for Women Crewneck Long Sleeve Casual Fleece Tops Graphic Hoodies Pullover Sweater,30,106,https://m.media-amazon.com/images/I/610MawSjgkL._AC_UL320_.jpg,https://www.amazon.com/LOMON-Oversized-Sweatshirt-Crewneck-Tops%EF%BC%88Black-Paris/dp/B0D8HXDFTS/ref=sr_1_37?dib=eyJ2IjoiMSJ9.xrKnw3weiyepLpn7y6IA87pw0oRGFnDYIwsUlYKwUbQchsxgGTRohEWDJaUovg9NWDKsCBi7GWpjaEKryPfGwacS1kjmzNAwFW8RZuotFIUfCmLCOL-7Cnihz_3vNZT3zb8VEbINXBzAeHnh_piJ5GTRdst4u75OTiyQVp9zGWcmZ7z2StINX_EJ5Fkma93JWdEHs6j-tudJEaM-Wqc_CwwEav-oeElU4rCdfRTybs7xRxQkED4QVF0yejOthKRo-0Pd7PMmSa3_7g3lpfiOoclZI9qtzLvdFqfnnFzqZA_7xlJFUhh0GUANBfcuFb3BQ6qTg0OEv2ua7L2r6ZHBIqDdDlpEBboM5o9GYqjZG29mSTZf5NPIIYCxf2NqAWxYtI3c_G8ltVxp2715wJxF0Zk3tCn4W3RjyMQ37_cDd1Q8DkCgmtevIoAgnXvQ7QDa.QZmoBcmDWso1S20rAw_D6uX_gkhKnp2uJiHdDEnxYYk&dib_tag=se&keywords=Loose+Fit+Printed+Hoodie&qid=1739345015&sr=8-37,2025-02-12T07:23:57.169Z
SOLILOQUY Women Hip Hop Joggers Hoodie Korean Punk Sport Coat Pullover Rhinestone Gothic Long Sleeve Sweatshirt Y2K Jacket,22,542,https://m.media-amazon.com/images/I/712uYSFQGZS._AC_UL320_.jpg,https://www.amazon.com/Vintage-Oversized-Sweatshirt-Aesthetic-Streetwear/dp/B09BQT9Z6X/ref=sr_1_38?dib=eyJ2IjoiMSJ9.xrKnw3weiyepLpn7y6IA87pw0oRGFnDYIwsUlYKwUbQchsxgGTRohEWDJaUovg9NWDKsCBi7GWpjaEKryPfGwacS1kjmzNAwFW8RZuotFIUfCmLCOL-7Cnihz_3vNZT3zb8VEbINXBzAeHnh_piJ5GTRdst4u75OTiyQVp9zGWcmZ7z2StINX_EJ5Fkma93JWdEHs6j-tudJEaM-Wqc_CwwEav-oeElU4rCdfRTybs7xRxQkED4QVF0yejOthKRo-0Pd7PMmSa3_7g3lpfiOoclZI9qtzLvdFqfnnFzqZA_7xlJFUhh0GUANBfcuFb3BQ6qTg0OEv2ua7L2r6ZHBIqDdDlpEBboM5o9GYqjZG29mSTZf5NPIIYCxf2NqAWxYtI3c_G8ltVxp2715wJxF0Zk3tCn4W3RjyMQ37_cDd1Q8DkCgmtevIoAgnXvQ7QDa.QZmoBcmDWso1S20rAw_D6uX_gkhKnp2uJiHdDEnxYYk&dib_tag=se&keywords=Loose+Fit+Printed+Hoodie&qid=1739345015&sr=8-38,2025-02-12T07:23:57.345Z
Hawaii Graphic Hoodies for Teen Girls Cute Aesthetic Preppy Letter Print Sweatshirt Beach Loose Fit Pullovers Tops,26,7,https://m.media-amazon.com/images/I/61i37upT2yL._AC_UL320_.jpg,https://www.amazon.com/Sulayesh-Graphic-Aesthetic-Sweatshirt-Pullovers/dp/B0D96B6SFS/ref=sr_1_39?dib=eyJ2IjoiMSJ9.xrKnw3weiyepLpn7y6IA87pw0oRGFnDYIwsUlYKwUbQchsxgGTRohEWDJaUovg9NWDKsCBi7GWpjaEKryPfGwacS1kjmzNAwFW8RZuotFIUfCmLCOL-7Cnihz_3vNZT3zb8VEbINXBzAeHnh_piJ5GTRdst4u75OTiyQVp9zGWcmZ7z2StINX_EJ5Fkma93JWdEHs6j-tudJEaM-Wqc_CwwEav-oeElU4rCdfRTybs7xRxQkED4QVF0yejOthKRo-0Pd7PMmSa3_7g3lpfiOoclZI9qtzLvdFqfnnFzqZA_7xlJFUhh0GUANBfcuFb3BQ6qTg0OEv2ua7L2r6ZHBIqDdDlpEBboM5o9GYqjZG29mSTZf5NPIIYCxf2NqAWxYtI3c_G8ltVxp2715wJxF0Zk3tCn4W3RjyMQ37_cDd1Q8DkCgmtevIoAgnXvQ7QDa.QZmoBcmDWso1S20rAw_D6uX_gkhKnp2uJiHdDEnxYYk&dib_tag=se&keywords=Loose+Fit+Printed+Hoodie&qid=1739345015&sr=8-39,2025-02-12T07:23:57.472Z
Hoodies for Teen Girls Y2K Women Back Graphic Print Oversized Sweatshirt Preppy Aesthetic Pullover Sweater Tops,18,2,https://m.media-amazon.com/images/I/41JgSgP20ML._AC_UL320_.jpg,https://www.amazon.com/Oversized-Sweatshirt-Aesthetic-Embroidery-Streetwear/dp/B0DDTG36S7/ref=sr_1_40?dib=eyJ2IjoiMSJ9.xrKnw3weiyepLpn7y6IA87pw0oRGFnDYIwsUlYKwUbQchsxgGTRohEWDJaUovg9NWDKsCBi7GWpjaEKryPfGwacS1kjmzNAwFW8RZuotFIUfCmLCOL-7Cnihz_3vNZT3zb8VEbINXBzAeHnh_piJ5GTRdst4u75OTiyQVp9zGWcmZ7z2StINX_EJ5Fkma93JWdEHs6j-tudJEaM-Wqc_CwwEav-oeElU4rCdfRTybs7xRxQkED4QVF0yejOthKRo-0Pd7PMmSa3_7g3lpfiOoclZI9qtzLvdFqfnnFzqZA_7xlJFUhh0GUANBfcuFb3BQ6qTg0OEv2ua7L2r6ZHBIqDdDlpEBboM5o9GYqjZG29mSTZf5NPIIYCxf2NqAWxYtI3c_G8ltVxp2715wJxF0Zk3tCn4W3RjyMQ37_cDd1Q8DkCgmtevIoAgnXvQ7QDa.QZmoBcmDWso1S20rAw_D6uX_gkhKnp2uJiHdDEnxYYk&dib_tag=se&keywords=Loose+Fit+Printed+Hoodie&qid=1739345015&sr=8-40,2025-02-12T07:23:57.614Z
Lauweion Women Solid Basic Fleece Letter Loose Hoodie Sweatshirt Long Sleeve Kangaroo Pocket Drop Shoulder Pullovers Top,35,"3,305",https://m.media-amazon.com/images/I/61v1ZYMJUHL._AC_UL320_.jpg,https://www.amazon.com/Lauweion-Sweatshirt-Kangaroo-Shoulder-Pullovers/dp/B09PH6SYSJ/ref=sr_1_41?dib=eyJ2IjoiMSJ9.xrKnw3weiyepLpn7y6IA87pw0oRGFnDYIwsUlYKwUbQchsxgGTRohEWDJaUovg9NWDKsCBi7GWpjaEKryPfGwacS1kjmzNAwFW8RZuotFIUfCmLCOL-7Cnihz_3vNZT3zb8VEbINXBzAeHnh_piJ5GTRdst4u75OTiyQVp9zGWcmZ7z2StINX_EJ5Fkma93JWdEHs6j-tudJEaM-Wqc_CwwEav-oeElU4rCdfRTybs7xRxQkED4QVF0yejOthKRo-0Pd7PMmSa3_7g3lpfiOoclZI9qtzLvdFqfnnFzqZA_7xlJFUhh0GUANBfcuFb3BQ6qTg0OEv2ua7L2r6ZHBIqDdDlpEBboM5o9GYqjZG29mSTZf5NPIIYCxf2NqAWxYtI3c_G8ltVxp2715wJxF0Zk3tCn4W3RjyMQ37_cDd1Q8DkCgmtevIoAgnXvQ7QDa.QZmoBcmDWso1S20rAw_D6uX_gkhKnp2uJiHdDEnxYYk&dib_tag=se&keywords=Loose+Fit+Printed+Hoodie&qid=1739345015&sr=8-41,2025-02-12T07:23:57.811Z
"Russell Athletic Men's Dri-Power Fleece Hoodies, Moisture Wicking, Cotton Blend, Relaxed Fit, Sizes S-4x",24,"25,278",https://m.media-amazon.com/images/I/81Ozp71LW8L._AC_UL320_.jpg,https://www.amazon.com/Russell-Athletic-Dri-Power-Pullover-XXX-Large/dp/B004J00AGG/ref=sr_1_42?dib=eyJ2IjoiMSJ9.xrKnw3weiyepLpn7y6IA87pw0oRGFnDYIwsUlYKwUbQchsxgGTRohEWDJaUovg9NWDKsCBi7GWpjaEKryPfGwacS1kjmzNAwFW8RZuotFIUfCmLCOL-7Cnihz_3vNZT3zb8VEbINXBzAeHnh_piJ5GTRdst4u75OTiyQVp9zGWcmZ7z2StINX_EJ5Fkma93JWdEHs6j-tudJEaM-Wqc_CwwEav-oeElU4rCdfRTybs7xRxQkED4QVF0yejOthKRo-0Pd7PMmSa3_7g3lpfiOoclZI9qtzLvdFqfnnFzqZA_7xlJFUhh0GUANBfcuFb3BQ6qTg0OEv2ua7L2r6ZHBIqDdDlpEBboM5o9GYqjZG29mSTZf5NPIIYCxf2NqAWxYtI3c_G8ltVxp2715wJxF0Zk3tCn4W3RjyMQ37_cDd1Q8DkCgmtevIoAgnXvQ7QDa.QZmoBcmDWso1S20rAw_D6uX_gkhKnp2uJiHdDEnxYYk&dib_tag=se&keywords=Loose+Fit+Printed+Hoodie&qid=1739345015&sr=8-42,2025-02-12T07:23:57.964Z
LOMON Crewneck Sweatshirt for Women Casual Oversized Pullover Hoodies Long Sleeve Fleece Tops Sweater,23,348,https://m.media-amazon.com/images/I/71xZ7a+MapL._AC_UL320_.jpg,https://www.amazon.com/LOMON-Sweatshirt-Graphic-Pullover-Sweater%EF%BC%88Black/dp/B0CJRFYT8G/ref=sr_1_43?dib=eyJ2IjoiMSJ9.xrKnw3weiyepLpn7y6IA87pw0oRGFnDYIwsUlYKwUbQchsxgGTRohEWDJaUovg9NWDKsCBi7GWpjaEKryPfGwacS1kjmzNAwFW8RZuotFIUfCmLCOL-7Cnihz_3vNZT3zb8VEbINXBzAeHnh_piJ5GTRdst4u75OTiyQVp9zGWcmZ7z2StINX_EJ5Fkma93JWdEHs6j-tudJEaM-Wqc_CwwEav-oeElU4rCdfRTybs7xRxQkED4QVF0yejOthKRo-0Pd7PMmSa3_7g3lpfiOoclZI9qtzLvdFqfnnFzqZA_7xlJFUhh0GUANBfcuFb3BQ6qTg0OEv2ua7L2r6ZHBIqDdDlpEBboM5o9GYqjZG29mSTZf5NPIIYCxf2NqAWxYtI3c_G8ltVxp2715wJxF0Zk3tCn4W3RjyMQ37_cDd1Q8DkCgmtevIoAgnXvQ7QDa.QZmoBcmDWso1S20rAw_D6uX_gkhKnp2uJiHdDEnxYYk&dib_tag=se&keywords=Loose+Fit+Printed+Hoodie&qid=1739345015&sr=8-43,2025-02-12T07:23:58.158Z
Angerella Hoodies for Women Camo Leopard Print Tops Pullover Hooded Sweatshirt Drawstring with Pocket,32,"4,099",https://m.media-amazon.com/images/I/71h-tTkXl9L._AC_UL320_.jpg,https://www.amazon.com/Angerella-Leopard-Sweatshirt-Pullover-Hoodies/dp/B09MZ1P5KL/ref=sr_1_44?dib=eyJ2IjoiMSJ9.xrKnw3weiyepLpn7y6IA87pw0oRGFnDYIwsUlYKwUbQchsxgGTRohEWDJaUovg9NWDKsCBi7GWpjaEKryPfGwacS1kjmzNAwFW8RZuotFIUfCmLCOL-7Cnihz_3vNZT3zb8VEbINXBzAeHnh_piJ5GTRdst4u75OTiyQVp9zGWcmZ7z2StINX_EJ5Fkma93JWdEHs6j-tudJEaM-Wqc_CwwEav-oeElU4rCdfRTybs7xRxQkED4QVF0yejOthKRo-0Pd7PMmSa3_7g3lpfiOoclZI9qtzLvdFqfnnFzqZA_7xlJFUhh0GUANBfcuFb3BQ6qTg0OEv2ua7L2r6ZHBIqDdDlpEBboM5o9GYqjZG29mSTZf5NPIIYCxf2NqAWxYtI3c_G8ltVxp2715wJxF0Zk3tCn4W3RjyMQ37_cDd1Q8DkCgmtevIoAgnXvQ7QDa.QZmoBcmDWso1S20rAw_D6uX_gkhKnp2uJiHdDEnxYYk&dib_tag=se&keywords=Loose+Fit+Printed+Hoodie&qid=1739345015&sr=8-44,2025-02-12T07:23:58.395Z
Biyejit Women's Novelty Print Zip Up Hoodies Long Sleeve Hooded Sweatshirt Jacket with Pocket,30,220,https://m.media-amazon.com/images/I/61I-x6ja8DL._AC_UL320_.jpg,https://www.amazon.com/Biyejit-Sunflower-Butterfly-Drawstring-Sweatshirt/dp/B0BH8K8DNJ/ref=sr_1_45?dib=eyJ2IjoiMSJ9.xrKnw3weiyepLpn7y6IA87pw0oRGFnDYIwsUlYKwUbQchsxgGTRohEWDJaUovg9NWDKsCBi7GWpjaEKryPfGwacS1kjmzNAwFW8RZuotFIUfCmLCOL-7Cnihz_3vNZT3zb8VEbINXBzAeHnh_piJ5GTRdst4u75OTiyQVp9zGWcmZ7z2StINX_EJ5Fkma93JWdEHs6j-tudJEaM-Wqc_CwwEav-oeElU4rCdfRTybs7xRxQkED4QVF0yejOthKRo-0Pd7PMmSa3_7g3lpfiOoclZI9qtzLvdFqfnnFzqZA_7xlJFUhh0GUANBfcuFb3BQ6qTg0OEv2ua7L2r6ZHBIqDdDlpEBboM5o9GYqjZG29mSTZf5NPIIYCxf2NqAWxYtI3c_G8ltVxp2715wJxF0Zk3tCn4W3RjyMQ37_cDd1Q8DkCgmtevIoAgnXvQ7QDa.QZmoBcmDWso1S20rAw_D6uX_gkhKnp2uJiHdDEnxYYk&dib_tag=se&keywords=Loose+Fit+Printed+Hoodie&qid=1739345015&sr=8-45,2025-02-12T07:23:58.618Z
Mens Graphic Hoodies Oversized Lightweight Loose Printed Hooded Casual Fashion Sports Sweatshirt Fleece,19,18,https://m.media-amazon.com/images/I/61MIQyehddL._AC_UL320_.jpg,https://www.amazon.com/Graphic-Hoodies-Oversized-Lightweight-Pullover/dp/B0CK8HJZ5H/ref=sr_1_46?dib=eyJ2IjoiMSJ9.xrKnw3weiyepLpn7y6IA87pw0oRGFnDYIwsUlYKwUbQchsxgGTRohEWDJaUovg9NWDKsCBi7GWpjaEKryPfGwacS1kjmzNAwFW8RZuotFIUfCmLCOL-7Cnihz_3vNZT3zb8VEbINXBzAeHnh_piJ5GTRdst4u75OTiyQVp9zGWcmZ7z2StINX_EJ5Fkma93JWdEHs6j-tudJEaM-Wqc_CwwEav-oeElU4rCdfRTybs7xRxQkED4QVF0yejOthKRo-0Pd7PMmSa3_7g3lpfiOoclZI9qtzLvdFqfnnFzqZA_7xlJFUhh0GUANBfcuFb3BQ6qTg0OEv2ua7L2r6ZHBIqDdDlpEBboM5o9GYqjZG29mSTZf5NPIIYCxf2NqAWxYtI3c_G8ltVxp2715wJxF0Zk3tCn4W3RjyMQ37_cDd1Q8DkCgmtevIoAgnXvQ7QDa.QZmoBcmDWso1S20rAw_D6uX_gkhKnp2uJiHdDEnxYYk&dib_tag=se&keywords=Loose+Fit+Printed+Hoodie&qid=1739345015&sr=8-46,2025-02-12T07:23:58.855Z
Womens Camo Hoodies Maple Leaf Print Oversized Hooded Sweatshirt Fleece Pullover Sweatshirts Long Sleeve with Pocket,14,1,https://m.media-amazon.com/images/I/81S9OR0GH-L._AC_UL320_.jpg,https://www.amazon.com/Hoodies-Graphic-Oversized-Sweatshirts-Sweatshirt/dp/B0DBLB3YDZ/ref=sr_1_47?dib=eyJ2IjoiMSJ9.xrKnw3weiyepLpn7y6IA87pw0oRGFnDYIwsUlYKwUbQchsxgGTRohEWDJaUovg9NWDKsCBi7GWpjaEKryPfGwacS1kjmzNAwFW8RZuotFIUfCmLCOL-7Cnihz_3vNZT3zb8VEbINXBzAeHnh_piJ5GTRdst4u75OTiyQVp9zGWcmZ7z2StINX_EJ5Fkma93JWdEHs6j-tudJEaM-Wqc_CwwEav-oeElU4rCdfRTybs7xRxQkED4QVF0yejOthKRo-0Pd7PMmSa3_7g3lpfiOoclZI9qtzLvdFqfnnFzqZA_7xlJFUhh0GUANBfcuFb3BQ6qTg0OEv2ua7L2r6ZHBIqDdDlpEBboM5o9GYqjZG29mSTZf5NPIIYCxf2NqAWxYtI3c_G8ltVxp2715wJxF0Zk3tCn4W3RjyMQ37_cDd1Q8DkCgmtevIoAgnXvQ7QDa.QZmoBcmDWso1S20rAw_D6uX_gkhKnp2uJiHdDEnxYYk&dib_tag=se&keywords=Loose+Fit+Printed+Hoodie&qid=1739345015&sr=8-47,2025-02-12T07:23:59.025Z
Flower Graphic Sweatshirt for Women Floral Printed Vintage Long Sleeves Shirt Crewneck Hoodie Loose Pullovers Tops,23,6,https://m.media-amazon.com/images/I/614hJLHt6HL._AC_UL320_.jpg,https://www.amazon.com/Lytiarul-Graphic-Sweatshirt-Crewneck-Pullovers/dp/B0D9YFBXX2/ref=sr_1_48?dib=eyJ2IjoiMSJ9.xrKnw3weiyepLpn7y6IA87pw0oRGFnDYIwsUlYKwUbQchsxgGTRohEWDJaUovg9NWDKsCBi7GWpjaEKryPfGwacS1kjmzNAwFW8RZuotFIUfCmLCOL-7Cnihz_3vNZT3zb8VEbINXBzAeHnh_piJ5GTRdst4u75OTiyQVp9zGWcmZ7z2StINX_EJ5Fkma93JWdEHs6j-tudJEaM-Wqc_CwwEav-oeElU4rCdfRTybs7xRxQkED4QVF0yejOthKRo-0Pd7PMmSa3_7g3lpfiOoclZI9qtzLvdFqfnnFzqZA_7xlJFUhh0GUANBfcuFb3BQ6qTg0OEv2ua7L2r6ZHBIqDdDlpEBboM5o9GYqjZG29mSTZf5NPIIYCxf2NqAWxYtI3c_G8ltVxp2715wJxF0Zk3tCn4W3RjyMQ37_cDd1Q8DkCgmtevIoAgnXvQ7QDa.QZmoBcmDWso1S20rAw_D6uX_gkhKnp2uJiHdDEnxYYk&dib_tag=se&keywords=Loose+Fit+Printed+Hoodie&qid=1739345015&sr=8-48,2025-02-12T07:23:59.167Z