title,price,image,link,scrapedAt
"Blue Floral Long Sleeve Smocked Waist Dress with High Neck, Back Button, Chiffon, Cuffed Sleeves",34,https://m.media-amazon.com/images/I/81fpbS0dEpL._AC_UL320_.jpg,https://www.amazon.com/sspa/click?ie=UTF8&spc=MTo3NzYxNTI1NzAwMjA3MzEzOjE3Mzg4NDAxODA6c3BfYXRmOjMwMDQ0MTQ4NjI1MjQwMjo6MDo6&url=%2Fjune-hudson-Chiffon-Ruffled-Mazarine%2Fdp%2FB0DFJW2SP4%2Fref%3Dsr_1_1_sspa%3Fdib%3DeyJ2IjoiMSJ9.dFODiPFToOBxUcl4yXUTEGyVv8atodIC-HV6OXbDyyMlp1LJUKD_1WEubwQFzGJslaWmf4V3g1yqPJexxgOP4ShJXHqd5JxX9v8G2RU3cjRILoZi7gCHTbZnr6pyawXBYU-ZuOeicmVGNcovnXpJFG9NOPaNod-ty3ZPIQdqmK1f7XEZhZd8Doi7WIx8M_z8ypydQ5Ohwu7BGOLTiI9V7QKrMPaD8DUWiWQ8kxedGPJk3V6oRzmYiwCWRVoIr_H3RLtEt-YnfxhMpSPMh7x5yRisuRLWqOZffJxRn27e8iE.SxCaT8ctwb59RLqla7GXeIG_Sja-drdVGnOhhfcBDfY%26dib_tag%3Dse%26keywords%3Dblue%2Belephant%2Bprint%2Bdress%26qid%3D1738840180%26sr%3D8-1-spons%26sp_csd%3Dd2lkZ2V0TmFtZT1zcF9hdGY%26psc%3D1,2025-02-06T11:09:47.113Z
Long Skirts for Women Maxi Boho Skirt Floral Print,22,https://m.media-amazon.com/images/I/81wYXaEFGOL._AC_UL320_.jpg,https://www.amazon.com/Bangkokpants-Bohemian-Dresses-Clothes-Elephant/dp/B015G2HA3Q/ref=sr_1_2?dib=eyJ2IjoiMSJ9.dFODiPFToOBxUcl4yXUTEGyVv8atodIC-HV6OXbDyyMlp1LJUKD_1WEubwQFzGJslaWmf4V3g1yqPJexxgOP4ShJXHqd5JxX9v8G2RU3cjRILoZi7gCHTbZnr6pyawXBYU-ZuOeicmVGNcovnXpJFG9NOPaNod-ty3ZPIQdqmK1f7XEZhZd8Doi7WIx8M_z8ypydQ5Ohwu7BGOLTiI9V7QKrMPaD8DUWiWQ8kxedGPJk3V6oRzmYiwCWRVoIr_H3RLtEt-YnfxhMpSPMh7x5yRcOuHmDLCg333Lfnp92SzIbVMKRhExyXFXaEMPLFu6TtJK0VQiSaCndC6GJDye7DkKF_L2xNhLZodV4xyETogPKmnKjkCLnD3s_lPFtFIGYCdY0-oKEnMNNyOkgopKrs2gTATgvPNWwK6S9AWHsMtoJ7gONYQHqgBFW-MwNZV44.UhcVCndXba3adRREojtH0B8ppyFy7gUJJhEtmG1fCgk&dib_tag=se&keywords=blue+elephant+print+dress&qid=1738840180&sr=8-2,2025-02-06T11:09:47.195Z
B BANGKOK PANTS Harem Pants Women Yoga Boho Clothes with Pockets,18,https://m.media-amazon.com/images/I/91gyB5NgJ7L._AC_UL320_.jpg,https://www.amazon.com/Bangkokpants-Bohemian-Clothes-Outfits-Smocked/dp/B00PDDV7OW/ref=sr_1_4?dib=eyJ2IjoiMSJ9.dFODiPFToOBxUcl4yXUTEGyVv8atodIC-HV6OXbDyyMlp1LJUKD_1WEubwQFzGJslaWmf4V3g1yqPJexxgOP4ShJXHqd5JxX9v8G2RU3cjRILoZi7gCHTbZnr6pyawXBYU-ZuOeicmVGNcovnXpJFG9NOPaNod-ty3ZPIQdqmK1f7XEZhZd8Doi7WIx8M_z8ypydQ5Ohwu7BGOLTiI9V7QKrMPaD8DUWiWQ8kxedGPJk3V6oRzmYiwCWRVoIr_H3RLtEt-YnfxhMpSPMh7x5yRcOuHmDLCg333Lfnp92SzIbVMKRhExyXFXaEMPLFu6TtJK0VQiSaCndC6GJDye7DkKF_L2xNhLZodV4xyETogPKmnKjkCLnD3s_lPFtFIGYCdY0-oKEnMNNyOkgopKrs2gTATgvPNWwK6S9AWHsMtoJ7gONYQHqgBFW-MwNZV44.UhcVCndXba3adRREojtH0B8ppyFy7gUJJhEtmG1fCgk&dib_tag=se&keywords=blue+elephant+print+dress&qid=1738840180&sr=8-4,2025-02-06T11:09:47.359Z
Ekouaer Women's House Dress with Pockets Long Nightgowns for Women House Dress Pleated Front Moo Moos for Women S-XXXL,19,https://m.media-amazon.com/images/I/71oOhClCKZL._AC_UL320_.jpg,https://www.amazon.com/sspa/click?ie=UTF8&spc=MTo4NDY0NDk1NjU1MTI0OTM5OjE3Mzg4NDAxODA6c3Bfc2VhcmNoX3RoZW1hdGljOjMwMDU1NTA5MTQwMTMwMjo6MDo6&url=%2FEkouaer-Womens-Pockets-Nightgowns-Pleated%2Fdp%2FB0DGHM3M2Y%2Fref%3Dsxin_16_pa_sp_search_thematic_sspa%3Fcontent-id%3Damzn1.sym.0fdeec36-c2ea-41a7-9d20-4f16362d64ff%253Aamzn1.sym.0fdeec36-c2ea-41a7-9d20-4f16362d64ff%26cv_ct_cx%3Dblue%2Belephant%2Bprint%2Bdress%26keywords%3Dblue%2Belephant%2Bprint%2Bdress%26pd_rd_i%3DB0DGHM3M2Y%26pd_rd_r%3D8facaa23-1b9a-4621-9348-7a1532aa9274%26pd_rd_w%3D2YiIu%26pd_rd_wg%3Dk3TVn%26pf_rd_p%3D0fdeec36-c2ea-41a7-9d20-4f16362d64ff%26pf_rd_r%3DR4KVZ4HG8QZPCMYRJPYQ%26qid%3D1738840180%26sbo%3DRZvfv%252F%252FHxDF%252BO5021pAnSA%253D%253D%26sr%3D1-1-ab5f1cb1-5dc1-4c6f-a5e4-7c74fcce2ac0-spons%26sp_csd%3Dd2lkZ2V0TmFtZT1zcF9zZWFyY2hfdGhlbWF0aWM%26psc%3D1,2025-02-06T11:09:47.465Z
Ekouaer Women's House Dress with Pockets Long Nightgowns for Women House Dress Pleated Front Moo Moos for Women S-XXXL,19,https://m.media-amazon.com/images/I/71oOhClCKZL._AC_UL320_.jpg,https://www.amazon.com/sspa/click?ie=UTF8&spc=MTo4NDY0NDk1NjU1MTI0OTM5OjE3Mzg4NDAxODA6c3Bfc2VhcmNoX3RoZW1hdGljOjMwMDU1NTA5MTQwMTMwMjo6MDo6&url=%2FEkouaer-Womens-Pockets-Nightgowns-Pleated%2Fdp%2FB0DGHM3M2Y%2Fref%3Dsxin_16_pa_sp_search_thematic_sspa%3Fcontent-id%3Damzn1.sym.0fdeec36-c2ea-41a7-9d20-4f16362d64ff%253Aamzn1.sym.0fdeec36-c2ea-41a7-9d20-4f16362d64ff%26cv_ct_cx%3Dblue%2Belephant%2Bprint%2Bdress%26keywords%3Dblue%2Belephant%2Bprint%2Bdress%26pd_rd_i%3DB0DGHM3M2Y%26pd_rd_r%3D8facaa23-1b9a-4621-9348-7a1532aa9274%26pd_rd_w%3D2YiIu%26pd_rd_wg%3Dk3TVn%26pf_rd_p%3D0fdeec36-c2ea-41a7-9d20-4f16362d64ff%26pf_rd_r%3DR4KVZ4HG8QZPCMYRJPYQ%26qid%3D1738840180%26sbo%3DRZvfv%252F%252FHxDF%252BO5021pAnSA%253D%253D%26sr%3D1-1-ab5f1cb1-5dc1-4c6f-a5e4-7c74fcce2ac0-spons%26sp_csd%3Dd2lkZ2V0TmFtZT1zcF9zZWFyY2hfdGhlbWF0aWM%26psc%3D1,2025-02-06T11:09:47.549Z
Ekouaer Nightgowns for Women 3 Pack Sleep Shirts Short Sleeve Nightshirt Pullover Nightdress Soft Sleepwear S-XXXL,31,https://m.media-amazon.com/images/I/81GyX3sn2kL._AC_UL320_.jpg,https://www.amazon.com/sspa/click?ie=UTF8&spc=MTo4NDY0NDk1NjU1MTI0OTM5OjE3Mzg4NDAxODA6c3Bfc2VhcmNoX3RoZW1hdGljOjMwMDQ1NDQxODg5MzEwMjo6MTo6&url=%2FEkouaer-Nightgowns-Nightshirt-Nightdress-Sleepwear%2Fdp%2FB0DC9S77V4%2Fref%3Dsxin_16_pa_sp_search_thematic_sspa%3Fcontent-id%3Damzn1.sym.0fdeec36-c2ea-41a7-9d20-4f16362d64ff%253Aamzn1.sym.0fdeec36-c2ea-41a7-9d20-4f16362d64ff%26cv_ct_cx%3Dblue%2Belephant%2Bprint%2Bdress%26keywords%3Dblue%2Belephant%2Bprint%2Bdress%26pd_rd_i%3DB0DC9S77V4%26pd_rd_r%3D8facaa23-1b9a-4621-9348-7a1532aa9274%26pd_rd_w%3D2YiIu%26pd_rd_wg%3Dk3TVn%26pf_rd_p%3D0fdeec36-c2ea-41a7-9d20-4f16362d64ff%26pf_rd_r%3DR4KVZ4HG8QZPCMYRJPYQ%26qid%3D1738840180%26sbo%3DRZvfv%252F%252FHxDF%252BO5021pAnSA%253D%253D%26sr%3D1-2-ab5f1cb1-5dc1-4c6f-a5e4-7c74fcce2ac0-spons%26sp_csd%3Dd2lkZ2V0TmFtZT1zcF9zZWFyY2hfdGhlbWF0aWM%26psc%3D1,2025-02-06T11:09:47.632Z
GRACE KARIN 2025 Women's Criss Cross Halterneck Sleeveless Summer Floral Print Flowy A Line Maxi Dress,36,https://m.media-amazon.com/images/I/71vDQhrbwlL._AC_UL320_.jpg,https://www.amazon.com/sspa/click?ie=UTF8&spc=MTo4NDY0NDk1NjU1MTI0OTM5OjE3Mzg4NDAxODA6c3Bfc2VhcmNoX3RoZW1hdGljOjMwMDYyNzU2MDAxNTkwMjo6Mjo6&url=%2FWomens-Floral-Print-Halter-Sleeveless%2Fdp%2FB0BP29NPDK%2Fref%3Dsxin_16_pa_sp_search_thematic_sspa%3Fcontent-id%3Damzn1.sym.0fdeec36-c2ea-41a7-9d20-4f16362d64ff%253Aamzn1.sym.0fdeec36-c2ea-41a7-9d20-4f16362d64ff%26cv_ct_cx%3Dblue%2Belephant%2Bprint%2Bdress%26keywords%3Dblue%2Belephant%2Bprint%2Bdress%26pd_rd_i%3DB0BP29NPDK%26pd_rd_r%3D8facaa23-1b9a-4621-9348-7a1532aa9274%26pd_rd_w%3D2YiIu%26pd_rd_wg%3Dk3TVn%26pf_rd_p%3D0fdeec36-c2ea-41a7-9d20-4f16362d64ff%26pf_rd_r%3DR4KVZ4HG8QZPCMYRJPYQ%26qid%3D1738840180%26sbo%3DRZvfv%252F%252FHxDF%252BO5021pAnSA%253D%253D%26sr%3D1-3-ab5f1cb1-5dc1-4c6f-a5e4-7c74fcce2ac0-spons%26sp_csd%3Dd2lkZ2V0TmFtZT1zcF9zZWFyY2hfdGhlbWF0aWM%26psc%3D1,2025-02-06T11:09:47.736Z
PNAEONG Women's Cotton Nightgown Sleepwear Short Sleeves Shirt Casual Print Sleepdress,14,https://m.media-amazon.com/images/I/716z7nkAAaL._AC_UL320_.jpg,https://www.amazon.com/PNAEONG-Amoy-Baby-Nightgowns-XTSY108-Blue-Elephant-XL/dp/B07DWSVLLN/ref=sr_1_5?dib=eyJ2IjoiMSJ9.dFODiPFToOBxUcl4yXUTEGyVv8atodIC-HV6OXbDyyMlp1LJUKD_1WEubwQFzGJslaWmf4V3g1yqPJexxgOP4ShJXHqd5JxX9v8G2RU3cjRILoZi7gCHTbZnr6pyawXBYU-ZuOeicmVGNcovnXpJFG9NOPaNod-ty3ZPIQdqmK1f7XEZhZd8Doi7WIx8M_z8ypydQ5Ohwu7BGOLTiI9V7QKrMPaD8DUWiWQ8kxedGPJk3V6oRzmYiwCWRVoIr_H3RLtEt-YnfxhMpSPMh7x5yRcOuHmDLCg333Lfnp92SzIbVMKRhExyXFXaEMPLFu6TtJK0VQiSaCndC6GJDye7DkKF_L2xNhLZodV4xyETogPKmnKjkCLnD3s_lPFtFIGYCdY0-oKEnMNNyOkgopKrs2gTATgvPNWwK6S9AWHsMtoJ7gONYQHqgBFW-MwNZV44.UhcVCndXba3adRREojtH0B8ppyFy7gUJJhEtmG1fCgk&dib_tag=se&keywords=blue+elephant+print+dress&qid=1738840180&sr=8-5,2025-02-06T11:09:48.059Z
ENJOYNIGHT Nightgown for Women Cotton Short Sleeve Nightshirts Casual Print Sleepwear,12,https://m.media-amazon.com/images/I/715zXDwl6HL._AC_UL320_.jpg,https://www.amazon.com/ENJOYNIGHT-Nightgown-Sleeves-Sleepwear-Sleepshirts/dp/B082TNKXJD/ref=sr_1_6?dib=eyJ2IjoiMSJ9.dFODiPFToOBxUcl4yXUTEGyVv8atodIC-HV6OXbDyyMlp1LJUKD_1WEubwQFzGJslaWmf4V3g1yqPJexxgOP4ShJXHqd5JxX9v8G2RU3cjRILoZi7gCHTbZnr6pyawXBYU-ZuOeicmVGNcovnXpJFG9NOPaNod-ty3ZPIQdqmK1f7XEZhZd8Doi7WIx8M_z8ypydQ5Ohwu7BGOLTiI9V7QKrMPaD8DUWiWQ8kxedGPJk3V6oRzmYiwCWRVoIr_H3RLtEt-YnfxhMpSPMh7x5yRcOuHmDLCg333Lfnp92SzIbVMKRhExyXFXaEMPLFu6TtJK0VQiSaCndC6GJDye7DkKF_L2xNhLZodV4xyETogPKmnKjkCLnD3s_lPFtFIGYCdY0-oKEnMNNyOkgopKrs2gTATgvPNWwK6S9AWHsMtoJ7gONYQHqgBFW-MwNZV44.UhcVCndXba3adRREojtH0B8ppyFy7gUJJhEtmG1fCgk&dib_tag=se&keywords=blue+elephant+print+dress&qid=1738840180&sr=8-6,2025-02-06T11:09:48.143Z
AMORNPHAN 44” Tribal Elephants Animal Printed Rayon Fabric 2 Yards War Elephant for Pants Scarf Clothing Dress Making (Navy Blue),16,https://m.media-amazon.com/images/I/91SLt0NoF7L._AC_UL320_.jpg,https://www.amazon.com/AMORNPHAN-Elephants-Printed-Elephant-Clothing/dp/B0916CB8KN/ref=sr_1_7?dib=eyJ2IjoiMSJ9.dFODiPFToOBxUcl4yXUTEGyVv8atodIC-HV6OXbDyyMlp1LJUKD_1WEubwQFzGJslaWmf4V3g1yqPJexxgOP4ShJXHqd5JxX9v8G2RU3cjRILoZi7gCHTbZnr6pyawXBYU-ZuOeicmVGNcovnXpJFG9NOPaNod-ty3ZPIQdqmK1f7XEZhZd8Doi7WIx8M_z8ypydQ5Ohwu7BGOLTiI9V7QKrMPaD8DUWiWQ8kxedGPJk3V6oRzmYiwCWRVoIr_H3RLtEt-YnfxhMpSPMh7x5yRcOuHmDLCg333Lfnp92SzIbVMKRhExyXFXaEMPLFu6TtJK0VQiSaCndC6GJDye7DkKF_L2xNhLZodV4xyETogPKmnKjkCLnD3s_lPFtFIGYCdY0-oKEnMNNyOkgopKrs2gTATgvPNWwK6S9AWHsMtoJ7gONYQHqgBFW-MwNZV44.UhcVCndXba3adRREojtH0B8ppyFy7gUJJhEtmG1fCgk&dib_tag=se&keywords=blue+elephant+print+dress&qid=1738840180&sr=8-7,2025-02-06T11:09:48.223Z
Kunal Short Kaftan for Women Blue Elephant Print Ethnic Caftan Kimono Dress for Women Plus Size Cover ups for Swimwear Abaya,13,https://m.media-amazon.com/images/I/81YsHx-IvAL._AC_UL320_.jpg,https://www.amazon.com/Kunal-Kaftan-Elephant-Ethnic-Swimwear/dp/B0DHRXPLP2/ref=sr_1_8?dib=eyJ2IjoiMSJ9.dFODiPFToOBxUcl4yXUTEGyVv8atodIC-HV6OXbDyyMlp1LJUKD_1WEubwQFzGJslaWmf4V3g1yqPJexxgOP4ShJXHqd5JxX9v8G2RU3cjRILoZi7gCHTbZnr6pyawXBYU-ZuOeicmVGNcovnXpJFG9NOPaNod-ty3ZPIQdqmK1f7XEZhZd8Doi7WIx8M_z8ypydQ5Ohwu7BGOLTiI9V7QKrMPaD8DUWiWQ8kxedGPJk3V6oRzmYiwCWRVoIr_H3RLtEt-YnfxhMpSPMh7x5yRcOuHmDLCg333Lfnp92SzIbVMKRhExyXFXaEMPLFu6TtJK0VQiSaCndC6GJDye7DkKF_L2xNhLZodV4xyETogPKmnKjkCLnD3s_lPFtFIGYCdY0-oKEnMNNyOkgopKrs2gTATgvPNWwK6S9AWHsMtoJ7gONYQHqgBFW-MwNZV44.UhcVCndXba3adRREojtH0B8ppyFy7gUJJhEtmG1fCgk&dib_tag=se&keywords=blue+elephant+print+dress&qid=1738840180&sr=8-8,2025-02-06T11:09:48.325Z
Sharvgun Women Kaftan Night Dress Kimono Caftan Beach Maxi Boho Short Top Tunic Cover Up Elephant Printed Casual Light Pink,13,https://m.media-amazon.com/images/I/61-mUbBVOfL._AC_UL320_.jpg,https://www.amazon.com/Sharvgun-Kaftan-Elephant-Printed-Sky-Blue/dp/B08ZDHNNSP/ref=sr_1_9?dib=eyJ2IjoiMSJ9.dFODiPFToOBxUcl4yXUTEGyVv8atodIC-HV6OXbDyyMlp1LJUKD_1WEubwQFzGJslaWmf4V3g1yqPJexxgOP4ShJXHqd5JxX9v8G2RU3cjRILoZi7gCHTbZnr6pyawXBYU-ZuOeicmVGNcovnXpJFG9NOPaNod-ty3ZPIQdqmK1f7XEZhZd8Doi7WIx8M_z8ypydQ5Ohwu7BGOLTiI9V7QKrMPaD8DUWiWQ8kxedGPJk3V6oRzmYiwCWRVoIr_H3RLtEt-YnfxhMpSPMh7x5yRcOuHmDLCg333Lfnp92SzIbVMKRhExyXFXaEMPLFu6TtJK0VQiSaCndC6GJDye7DkKF_L2xNhLZodV4xyETogPKmnKjkCLnD3s_lPFtFIGYCdY0-oKEnMNNyOkgopKrs2gTATgvPNWwK6S9AWHsMtoJ7gONYQHqgBFW-MwNZV44.UhcVCndXba3adRREojtH0B8ppyFy7gUJJhEtmG1fCgk&dib_tag=se&keywords=blue+elephant+print+dress&qid=1738840180&sr=8-9,2025-02-06T11:09:48.451Z
Ekouaer Nightgown For Woman Night Dress Short Sleeve Printed Sleep Shirt With Pocket Sleepwear Soft S-XXXL,14,https://m.media-amazon.com/images/I/71U77Z4f6jL._AC_UL320_.jpg,https://www.amazon.com/Ekouaer-Womens-Nightdress-Pattern-Elephant/dp/B0BRSSY6LN/ref=sr_1_10?dib=eyJ2IjoiMSJ9.dFODiPFToOBxUcl4yXUTEGyVv8atodIC-HV6OXbDyyMlp1LJUKD_1WEubwQFzGJslaWmf4V3g1yqPJexxgOP4ShJXHqd5JxX9v8G2RU3cjRILoZi7gCHTbZnr6pyawXBYU-ZuOeicmVGNcovnXpJFG9NOPaNod-ty3ZPIQdqmK1f7XEZhZd8Doi7WIx8M_z8ypydQ5Ohwu7BGOLTiI9V7QKrMPaD8DUWiWQ8kxedGPJk3V6oRzmYiwCWRVoIr_H3RLtEt-YnfxhMpSPMh7x5yRcOuHmDLCg333Lfnp92SzIbVMKRhExyXFXaEMPLFu6TtJK0VQiSaCndC6GJDye7DkKF_L2xNhLZodV4xyETogPKmnKjkCLnD3s_lPFtFIGYCdY0-oKEnMNNyOkgopKrs2gTATgvPNWwK6S9AWHsMtoJ7gONYQHqgBFW-MwNZV44.UhcVCndXba3adRREojtH0B8ppyFy7gUJJhEtmG1fCgk&dib_tag=se&keywords=blue+elephant+print+dress&qid=1738840180&sr=8-10,2025-02-06T11:09:48.644Z
Long Kaftan Dress for Women Elephant Caftan Kimono v-Neck Maxi Dress Loungwear Dress Nighty Swimsuit Cover Up Beach Dress Blue,12,https://m.media-amazon.com/images/I/91nmLRJ4-WL._AC_UL320_.jpg,https://www.amazon.com/kaftan-Ethnic-Elephant-caftan-kimono/dp/B091MJXMYF/ref=sr_1_11?dib=eyJ2IjoiMSJ9.dFODiPFToOBxUcl4yXUTEGyVv8atodIC-HV6OXbDyyMlp1LJUKD_1WEubwQFzGJslaWmf4V3g1yqPJexxgOP4ShJXHqd5JxX9v8G2RU3cjRILoZi7gCHTbZnr6pyawXBYU-ZuOeicmVGNcovnXpJFG9NOPaNod-ty3ZPIQdqmK1f7XEZhZd8Doi7WIx8M_z8ypydQ5Ohwu7BGOLTiI9V7QKrMPaD8DUWiWQ8kxedGPJk3V6oRzmYiwCWRVoIr_H3RLtEt-YnfxhMpSPMh7x5yRcOuHmDLCg333Lfnp92SzIbVMKRhExyXFXaEMPLFu6TtJK0VQiSaCndC6GJDye7DkKF_L2xNhLZodV4xyETogPKmnKjkCLnD3s_lPFtFIGYCdY0-oKEnMNNyOkgopKrs2gTATgvPNWwK6S9AWHsMtoJ7gONYQHqgBFW-MwNZV44.UhcVCndXba3adRREojtH0B8ppyFy7gUJJhEtmG1fCgk&dib_tag=se&keywords=blue+elephant+print+dress&qid=1738840180&sr=8-11,2025-02-06T11:09:48.953Z
ENJOYNIGHT Womens Cotton Nightgown Short Sleeves Sleepshirt Print Nightshirt,14,https://m.media-amazon.com/images/I/61JemLIrhEL._AC_UL320_.jpg,https://www.amazon.com/ENJOYNIGHT-Sleepwear-Sleeves-Sleepshirt-3X-Large/dp/B08GYB7BNH/ref=sr_1_12?dib=eyJ2IjoiMSJ9.dFODiPFToOBxUcl4yXUTEGyVv8atodIC-HV6OXbDyyMlp1LJUKD_1WEubwQFzGJslaWmf4V3g1yqPJexxgOP4ShJXHqd5JxX9v8G2RU3cjRILoZi7gCHTbZnr6pyawXBYU-ZuOeicmVGNcovnXpJFG9NOPaNod-ty3ZPIQdqmK1f7XEZhZd8Doi7WIx8M_z8ypydQ5Ohwu7BGOLTiI9V7QKrMPaD8DUWiWQ8kxedGPJk3V6oRzmYiwCWRVoIr_H3RLtEt-YnfxhMpSPMh7x5yRcOuHmDLCg333Lfnp92SzIbVMKRhExyXFXaEMPLFu6TtJK0VQiSaCndC6GJDye7DkKF_L2xNhLZodV4xyETogPKmnKjkCLnD3s_lPFtFIGYCdY0-oKEnMNNyOkgopKrs2gTATgvPNWwK6S9AWHsMtoJ7gONYQHqgBFW-MwNZV44.UhcVCndXba3adRREojtH0B8ppyFy7gUJJhEtmG1fCgk&dib_tag=se&keywords=blue+elephant+print+dress&qid=1738840180&sr=8-12,2025-02-06T11:09:49.080Z
Short Kaftan for Women Elephant Print Caftan Dress for Women Kimono Sleepwear Blue,13,https://m.media-amazon.com/images/I/91BHMVX39bL._AC_UL320_.jpg,https://www.amazon.com/Gavya-International-Elephant-Nightdress-Sleepwear/dp/B0B1X9XFK7/ref=sr_1_13?dib=eyJ2IjoiMSJ9.dFODiPFToOBxUcl4yXUTEGyVv8atodIC-HV6OXbDyyMlp1LJUKD_1WEubwQFzGJslaWmf4V3g1yqPJexxgOP4ShJXHqd5JxX9v8G2RU3cjRILoZi7gCHTbZnr6pyawXBYU-ZuOeicmVGNcovnXpJFG9NOPaNod-ty3ZPIQdqmK1f7XEZhZd8Doi7WIx8M_z8ypydQ5Ohwu7BGOLTiI9V7QKrMPaD8DUWiWQ8kxedGPJk3V6oRzmYiwCWRVoIr_H3RLtEt-YnfxhMpSPMh7x5yRcOuHmDLCg333Lfnp92SzIbVMKRhExyXFXaEMPLFu6TtJK0VQiSaCndC6GJDye7DkKF_L2xNhLZodV4xyETogPKmnKjkCLnD3s_lPFtFIGYCdY0-oKEnMNNyOkgopKrs2gTATgvPNWwK6S9AWHsMtoJ7gONYQHqgBFW-MwNZV44.UhcVCndXba3adRREojtH0B8ppyFy7gUJJhEtmG1fCgk&dib_tag=se&keywords=blue+elephant+print+dress&qid=1738840180&sr=8-13,2025-02-06T11:09:49.213Z
PNKJ Women Boho Elephant Print Hippie Maxi Long Skirt Bohemian Summer Casual Beach Dress,19,https://m.media-amazon.com/images/I/81HtT6UuEhL._AC_UL320_.jpg,https://www.amazon.com/sspa/click?ie=UTF8&spc=MTo3NzYxNTI1NzAwMjA3MzEzOjE3Mzg4NDAxODA6c3BfbXRmOjMwMDAyNDU0MjE2MjMwMjo6MDo6&url=%2FPNKJ-Elephant-Hippie-Bohemian-Summer%2Fdp%2FB0B2HMY5LN%2Fref%3Dsr_1_14_sspa%3Fdib%3DeyJ2IjoiMSJ9.dFODiPFToOBxUcl4yXUTEGyVv8atodIC-HV6OXbDyyMlp1LJUKD_1WEubwQFzGJslaWmf4V3g1yqPJexxgOP4ShJXHqd5JxX9v8G2RU3cjRILoZi7gCHTbZnr6pyawXBYU-ZuOeicmVGNcovnXpJFG9NOPaNod-ty3ZPIQdqmK1f7XEZhZd8Doi7WIx8M_z8ypydQ5Ohwu7BGOLTiI9V7QKrMPaD8DUWiWQ8kxedGPJk3V6oRzmYiwCWRVoIr_H3RLtEt-YnfxhMpSPMh7x5yRisuRLWqOZffJxRn27e8iE.SxCaT8ctwb59RLqla7GXeIG_Sja-drdVGnOhhfcBDfY%26dib_tag%3Dse%26keywords%3Dblue%2Belephant%2Bprint%2Bdress%26qid%3D1738840180%26sr%3D8-14-spons%26sp_csd%3Dd2lkZ2V0TmFtZT1zcF9tdGY%26psc%3D1,2025-02-06T11:09:49.402Z
PNKJ Women Boho Elephant Print Hippie Maxi Long Skirt Bohemian Summer Casual Beach Dress,19,https://m.media-amazon.com/images/I/81HtT6UuEhL._AC_UL320_.jpg,https://www.amazon.com/PNKJ-Elephant-Hippie-Bohemian-Summer/dp/B0B2HMY5LN/ref=sr_1_15?dib=eyJ2IjoiMSJ9.dFODiPFToOBxUcl4yXUTEGyVv8atodIC-HV6OXbDyyMlp1LJUKD_1WEubwQFzGJslaWmf4V3g1yqPJexxgOP4ShJXHqd5JxX9v8G2RU3cjRILoZi7gCHTbZnr6pyawXBYU-ZuOeicmVGNcovnXpJFG9NOPaNod-ty3ZPIQdqmK1f7XEZhZd8Doi7WIx8M_z8ypydQ5Ohwu7BGOLTiI9V7QKrMPaD8DUWiWQ8kxedGPJk3V6oRzmYiwCWRVoIr_H3RLtEt-YnfxhMpSPMh7x5yRcOuHmDLCg333Lfnp92SzIbVMKRhExyXFXaEMPLFu6TtJK0VQiSaCndC6GJDye7DkKF_L2xNhLZodV4xyETogPKmnKjkCLnD3s_lPFtFIGYCdY0-oKEnMNNyOkgopKrs2gTATgvPNWwK6S9AWHsMtoJ7gONYQHqgBFW-MwNZV44.UhcVCndXba3adRREojtH0B8ppyFy7gUJJhEtmG1fCgk&dib_tag=se&keywords=blue+elephant+print+dress&qid=1738840180&sr=8-15,2025-02-06T11:09:49.547Z
Dokotoo Women Summer Dresses 2025 Spaghetti Strap Scoop Neck Smocked Ruffle Flowy Boho Maxi Dress,32,https://m.media-amazon.com/images/I/71fP4YE13HL._AC_UL320_.jpg,https://www.amazon.com/Dokotoo-Dresses-Spaghetti-Hawaiian-Vacation/dp/B0C14MXSRS/ref=sr_1_18?dib=eyJ2IjoiMSJ9.dFODiPFToOBxUcl4yXUTEGyVv8atodIC-HV6OXbDyyMlp1LJUKD_1WEubwQFzGJslaWmf4V3g1yqPJexxgOP4ShJXHqd5JxX9v8G2RU3cjRILoZi7gCHTbZnr6pyawXBYU-ZuOeicmVGNcovnXpJFG9NOPaNod-ty3ZPIQdqmK1f7XEZhZd8Doi7WIx8M_z8ypydQ5Ohwu7BGOLTiI9V7QKrMPaD8DUWiWQ8kxedGPJk3V6oRzmYiwCWRVoIr_H3RLtEt-YnfxhMpSPMh7x5yRcOuHmDLCg333Lfnp92SzIbVMKRhExyXFXaEMPLFu6TtJK0VQiSaCndC6GJDye7DkKF_L2xNhLZodV4xyETogPKmnKjkCLnD3s_lPFtFIGYCdY0-oKEnMNNyOkgopKrs2gTATgvPNWwK6S9AWHsMtoJ7gONYQHqgBFW-MwNZV44.UhcVCndXba3adRREojtH0B8ppyFy7gUJJhEtmG1fCgk&dib_tag=se&keywords=blue+elephant+print+dress&qid=1738840180&sr=8-18,2025-02-06T11:09:49.792Z
HOTOUCH Womens Summer Dress 2024 Short Sleeve A-Line Mini Dress Casual Crew Neck Shift Dress Beach Sundress with Pockets,26,https://m.media-amazon.com/images/I/81i4nSTFg0L._AC_UL320_.jpg,https://www.amazon.com/sspa/click?ie=UTF8&spc=MTo3NzYxNTI1NzAwMjA3MzEzOjE3Mzg4NDAxODA6c3BfbXRmOjMwMDQxOTQyMTY5MjgwMjo6MDo6&url=%2FHOTOUCH-Flower-Ethnic-Pockets-X-Large%2Fdp%2FB0CQ4QRHXT%2Fref%3Dsr_1_19_sspa%3Fdib%3DeyJ2IjoiMSJ9.dFODiPFToOBxUcl4yXUTEGyVv8atodIC-HV6OXbDyyMlp1LJUKD_1WEubwQFzGJslaWmf4V3g1yqPJexxgOP4ShJXHqd5JxX9v8G2RU3cjRILoZi7gCHTbZnr6pyawXBYU-ZuOeicmVGNcovnXpJFG9NOPaNod-ty3ZPIQdqmK1f7XEZhZd8Doi7WIx8M_z8ypydQ5Ohwu7BGOLTiI9V7QKrMPaD8DUWiWQ8kxedGPJk3V6oRzmYiwCWRVoIr_H3RLtEt-YnfxhMpSPMh7x5yRisuRLWqOZffJxRn27e8iE.SxCaT8ctwb59RLqla7GXeIG_Sja-drdVGnOhhfcBDfY%26dib_tag%3Dse%26keywords%3Dblue%2Belephant%2Bprint%2Bdress%26qid%3D1738840180%26sr%3D8-19-spons%26sp_csd%3Dd2lkZ2V0TmFtZT1zcF9tdGY%26psc%3D1,2025-02-06T11:09:49.869Z
Matchable Family Hawaiian Luau Men Women Girl Boy Clothes in Hibiscus Blue,36,https://m.media-amazon.com/images/I/71oXqBR1TiL._AC_UL320_.jpg,https://www.amazon.com/sspa/click?ie=UTF8&spc=MTo3NzYxNTI1NzAwMjA3MzEzOjE3Mzg4NDAxODA6c3BfbXRmOjMwMDA3MDEyMDQ4NDgwMjo6MDo6&url=%2FMatchable-Family-Hawaiian-Sweetheart-Hibiscus%2Fdp%2FB09NS3Z7ZQ%2Fref%3Dsr_1_20_sspa%3Fdib%3DeyJ2IjoiMSJ9.dFODiPFToOBxUcl4yXUTEGyVv8atodIC-HV6OXbDyyMlp1LJUKD_1WEubwQFzGJslaWmf4V3g1yqPJexxgOP4ShJXHqd5JxX9v8G2RU3cjRILoZi7gCHTbZnr6pyawXBYU-ZuOeicmVGNcovnXpJFG9NOPaNod-ty3ZPIQdqmK1f7XEZhZd8Doi7WIx8M_z8ypydQ5Ohwu7BGOLTiI9V7QKrMPaD8DUWiWQ8kxedGPJk3V6oRzmYiwCWRVoIr_H3RLtEt-YnfxhMpSPMh7x5yRisuRLWqOZffJxRn27e8iE.SxCaT8ctwb59RLqla7GXeIG_Sja-drdVGnOhhfcBDfY%26dib_tag%3Dse%26keywords%3Dblue%2Belephant%2Bprint%2Bdress%26qid%3D1738840180%26sr%3D8-20-spons%26sp_csd%3Dd2lkZ2V0TmFtZT1zcF9tdGY%26psc%3D1,2025-02-06T11:09:49.985Z
Zeagoo Women Floral Maxi Dress Summer Casual Sleeveless Sundress Crew Neck Long Dresses with Pockets 2025 Beach Vacation,32,https://m.media-amazon.com/images/I/81mm4T3CVbL._AC_UL320_.jpg,https://www.amazon.com/sspa/click?ie=UTF8&spc=MTo3NzYxNTI1NzAwMjA3MzEzOjE3Mzg4NDAxODA6c3BfbXRmOjMwMDYzMDY2NTE5MzUwMjo6MDo6&url=%2FZeagoo-Tropical-Sleeveless-Holiday-Dresses%2Fdp%2FB0DNM19N22%2Fref%3Dsr_1_21_sspa%3Fdib%3DeyJ2IjoiMSJ9.dFODiPFToOBxUcl4yXUTEGyVv8atodIC-HV6OXbDyyMlp1LJUKD_1WEubwQFzGJslaWmf4V3g1yqPJexxgOP4ShJXHqd5JxX9v8G2RU3cjRILoZi7gCHTbZnr6pyawXBYU-ZuOeicmVGNcovnXpJFG9NOPaNod-ty3ZPIQdqmK1f7XEZhZd8Doi7WIx8M_z8ypydQ5Ohwu7BGOLTiI9V7QKrMPaD8DUWiWQ8kxedGPJk3V6oRzmYiwCWRVoIr_H3RLtEt-YnfxhMpSPMh7x5yRisuRLWqOZffJxRn27e8iE.SxCaT8ctwb59RLqla7GXeIG_Sja-drdVGnOhhfcBDfY%26dib_tag%3Dse%26keywords%3Dblue%2Belephant%2Bprint%2Bdress%26qid%3D1738840180%26sr%3D8-21-spons%26sp_csd%3Dd2lkZ2V0TmFtZT1zcF9tdGY%26psc%3D1,2025-02-06T11:09:50.055Z
Zeagoo Womens Casual Dress for Summer Short Sleeve Pleated Dress Loose Flowy Beach Dress with Pockets Flare Midi Sundress,29,https://m.media-amazon.com/images/I/81T-TxMWY3L._AC_UL320_.jpg,https://www.amazon.com/sspa/click?ie=UTF8&spc=MTo3NzYxNTI1NzAwMjA3MzEzOjE3Mzg4NDAxODA6c3BfbXRmOjMwMDYwMTE2MDA5ODkwMjo6MDo6&url=%2FZeagoo-Casual-Dresses-Summer-Ethnic%2Fdp%2FB0DHZYKTNZ%2Fref%3Dsr_1_22_sspa%3Fdib%3DeyJ2IjoiMSJ9.dFODiPFToOBxUcl4yXUTEGyVv8atodIC-HV6OXbDyyMlp1LJUKD_1WEubwQFzGJslaWmf4V3g1yqPJexxgOP4ShJXHqd5JxX9v8G2RU3cjRILoZi7gCHTbZnr6pyawXBYU-ZuOeicmVGNcovnXpJFG9NOPaNod-ty3ZPIQdqmK1f7XEZhZd8Doi7WIx8M_z8ypydQ5Ohwu7BGOLTiI9V7QKrMPaD8DUWiWQ8kxedGPJk3V6oRzmYiwCWRVoIr_H3RLtEt-YnfxhMpSPMh7x5yRisuRLWqOZffJxRn27e8iE.SxCaT8ctwb59RLqla7GXeIG_Sja-drdVGnOhhfcBDfY%26dib_tag%3Dse%26keywords%3Dblue%2Belephant%2Bprint%2Bdress%26qid%3D1738840180%26sr%3D8-22-spons%26sp_csd%3Dd2lkZ2V0TmFtZT1zcF9tdGY%26psc%3D1,2025-02-06T11:09:50.157Z
"LovinPet Large Dog Onesies, UV Protection, Post Surgery Comfort Clothes, Lightweight Flannel Fabric, Light Pink Baby Elephant Print, Undershirt for Dog Dresses,Blue 3XL",22,https://m.media-amazon.com/images/I/61gdJ6ELiUL._AC_UL320_.jpg,https://www.amazon.com/LovinPet-Protection-Lightweight-Elephant-Undershirt/dp/B0BGL1NYHM/ref=sr_1_23?dib=eyJ2IjoiMSJ9.dFODiPFToOBxUcl4yXUTEGyVv8atodIC-HV6OXbDyyMlp1LJUKD_1WEubwQFzGJslaWmf4V3g1yqPJexxgOP4ShJXHqd5JxX9v8G2RU3cjRILoZi7gCHTbZnr6pyawXBYU-ZuOeicmVGNcovnXpJFG9NOPaNod-ty3ZPIQdqmK1f7XEZhZd8Doi7WIx8M_z8ypydQ5Ohwu7BGOLTiI9V7QKrMPaD8DUWiWQ8kxedGPJk3V6oRzmYiwCWRVoIr_H3RLtEt-YnfxhMpSPMh7x5yRcOuHmDLCg333Lfnp92SzIbVMKRhExyXFXaEMPLFu6TtJK0VQiSaCndC6GJDye7DkKF_L2xNhLZodV4xyETogPKmnKjkCLnD3s_lPFtFIGYCdY0-oKEnMNNyOkgopKrs2gTATgvPNWwK6S9AWHsMtoJ7gONYQHqgBFW-MwNZV44.UhcVCndXba3adRREojtH0B8ppyFy7gUJJhEtmG1fCgk&dib_tag=se&keywords=blue+elephant+print+dress&qid=1738840180&sr=8-23,2025-02-06T11:09:50.219Z
Women's Sexy Spaghetti Strap Sleevless Leopard Print Bodycon Midi Club Cocktail Dress,29,https://m.media-amazon.com/images/I/613InN3llNL._AC_UL320_.jpg,https://www.amazon.com/Rela-Bota-Spaghetti-Sleevless-Cocktail/dp/B07VZDZJNJ/ref=sr_1_24?dib=eyJ2IjoiMSJ9.dFODiPFToOBxUcl4yXUTEGyVv8atodIC-HV6OXbDyyMlp1LJUKD_1WEubwQFzGJslaWmf4V3g1yqPJexxgOP4ShJXHqd5JxX9v8G2RU3cjRILoZi7gCHTbZnr6pyawXBYU-ZuOeicmVGNcovnXpJFG9NOPaNod-ty3ZPIQdqmK1f7XEZhZd8Doi7WIx8M_z8ypydQ5Ohwu7BGOLTiI9V7QKrMPaD8DUWiWQ8kxedGPJk3V6oRzmYiwCWRVoIr_H3RLtEt-YnfxhMpSPMh7x5yRcOuHmDLCg333Lfnp92SzIbVMKRhExyXFXaEMPLFu6TtJK0VQiSaCndC6GJDye7DkKF_L2xNhLZodV4xyETogPKmnKjkCLnD3s_lPFtFIGYCdY0-oKEnMNNyOkgopKrs2gTATgvPNWwK6S9AWHsMtoJ7gONYQHqgBFW-MwNZV44.UhcVCndXba3adRREojtH0B8ppyFy7gUJJhEtmG1fCgk&dib_tag=se&keywords=blue+elephant+print+dress&qid=1738840180&sr=8-24,2025-02-06T11:09:50.276Z
Touched by Nature Girls' One Size Organic Cotton Short Long-Sleeve Dresses,17,https://m.media-amazon.com/images/I/91AwZRRswXL._AC_UL320_.jpg,https://www.amazon.com/Touched-Nature-Short-Sleeve-Elephant-Long-Sleeve/dp/B07VKXLBQ4/ref=sr_1_25?dib=eyJ2IjoiMSJ9.dFODiPFToOBxUcl4yXUTEGyVv8atodIC-HV6OXbDyyMlp1LJUKD_1WEubwQFzGJslaWmf4V3g1yqPJexxgOP4ShJXHqd5JxX9v8G2RU3cjRILoZi7gCHTbZnr6pyawXBYU-ZuOeicmVGNcovnXpJFG9NOPaNod-ty3ZPIQdqmK1f7XEZhZd8Doi7WIx8M_z8ypydQ5Ohwu7BGOLTiI9V7QKrMPaD8DUWiWQ8kxedGPJk3V6oRzmYiwCWRVoIr_H3RLtEt-YnfxhMpSPMh7x5yRcOuHmDLCg333Lfnp92SzIbVMKRhExyXFXaEMPLFu6TtJK0VQiSaCndC6GJDye7DkKF_L2xNhLZodV4xyETogPKmnKjkCLnD3s_lPFtFIGYCdY0-oKEnMNNyOkgopKrs2gTATgvPNWwK6S9AWHsMtoJ7gONYQHqgBFW-MwNZV44.UhcVCndXba3adRREojtH0B8ppyFy7gUJJhEtmG1fCgk&dib_tag=se&keywords=blue+elephant+print+dress&qid=1738840180&sr=8-25,2025-02-06T11:09:50.342Z
Art of Creation Women's Casual Polyster Long Kaftan Dress Maxi Caftan Dress Gown Top Night Dress (Free Size Adjustable),10,https://m.media-amazon.com/images/I/81ukj9I4NZL._AC_UL320_.jpg,https://www.amazon.com/Art-Creation-Printed-Dashiki-Size-Adjustable/dp/B09NHV5ZH6/ref=sr_1_26?dib=eyJ2IjoiMSJ9.dFODiPFToOBxUcl4yXUTEGyVv8atodIC-HV6OXbDyyMlp1LJUKD_1WEubwQFzGJslaWmf4V3g1yqPJexxgOP4ShJXHqd5JxX9v8G2RU3cjRILoZi7gCHTbZnr6pyawXBYU-ZuOeicmVGNcovnXpJFG9NOPaNod-ty3ZPIQdqmK1f7XEZhZd8Doi7WIx8M_z8ypydQ5Ohwu7BGOLTiI9V7QKrMPaD8DUWiWQ8kxedGPJk3V6oRzmYiwCWRVoIr_H3RLtEt-YnfxhMpSPMh7x5yRcOuHmDLCg333Lfnp92SzIbVMKRhExyXFXaEMPLFu6TtJK0VQiSaCndC6GJDye7DkKF_L2xNhLZodV4xyETogPKmnKjkCLnD3s_lPFtFIGYCdY0-oKEnMNNyOkgopKrs2gTATgvPNWwK6S9AWHsMtoJ7gONYQHqgBFW-MwNZV44.UhcVCndXba3adRREojtH0B8ppyFy7gUJJhEtmG1fCgk&dib_tag=se&keywords=blue+elephant+print+dress&qid=1738840180&sr=8-26,2025-02-06T11:09:50.401Z
Polynesian Tribal Tapa Totem Summer Crew Neck Long Skirt Dress Set Women Island Short Sleeves Set Maxi Dress,37,https://m.media-amazon.com/images/I/71P0lklVy2L._AC_UL320_.jpg,https://www.amazon.com/sspa/click?ie=UTF8&spc=MTo3NzYxNTI1NzAwMjA3MzEzOjE3Mzg4NDAxODA6c3BfbXRmOjMwMDU4NjA2NzMxNzkwMjo6MDo6&url=%2FZhangruoheng-Polynesian-Hibiscus-Samoan-Fashion%2Fdp%2FB0D21X5955%2Fref%3Dsr_1_27_sspa%3Fdib%3DeyJ2IjoiMSJ9.dFODiPFToOBxUcl4yXUTEGyVv8atodIC-HV6OXbDyyMlp1LJUKD_1WEubwQFzGJslaWmf4V3g1yqPJexxgOP4ShJXHqd5JxX9v8G2RU3cjRILoZi7gCHTbZnr6pyawXBYU-ZuOeicmVGNcovnXpJFG9NOPaNod-ty3ZPIQdqmK1f7XEZhZd8Doi7WIx8M_z8ypydQ5Ohwu7BGOLTiI9V7QKrMPaD8DUWiWQ8kxedGPJk3V6oRzmYiwCWRVoIr_H3RLtEt-YnfxhMpSPMh7x5yRisuRLWqOZffJxRn27e8iE.SxCaT8ctwb59RLqla7GXeIG_Sja-drdVGnOhhfcBDfY%26dib_tag%3Dse%26keywords%3Dblue%2Belephant%2Bprint%2Bdress%26qid%3D1738840180%26sr%3D8-27-spons%26sp_csd%3Dd2lkZ2V0TmFtZT1zcF9tdGY%26psc%3D1,2025-02-06T11:09:50.473Z
Zeagoo Women Floral Summer Dress Casual Beach Dress Printed T Shirt Dress Split Long Dress Travel 2025 Vacation Dress,33,https://m.media-amazon.com/images/I/8161YZzUZ8L._AC_UL320_.jpg,https://www.amazon.com/sspa/click?ie=UTF8&spc=MTo3NzYxNTI1NzAwMjA3MzEzOjE3Mzg4NDAxODA6c3BfbXRmOjMwMDYwOTc2MDkzNzgwMjo6MDo6&url=%2FZeagoo-Dresses-Ethnic-Pockets-Tropical%2Fdp%2FB0DK575QP8%2Fref%3Dsr_1_28_sspa%3Fdib%3DeyJ2IjoiMSJ9.dFODiPFToOBxUcl4yXUTEGyVv8atodIC-HV6OXbDyyMlp1LJUKD_1WEubwQFzGJslaWmf4V3g1yqPJexxgOP4ShJXHqd5JxX9v8G2RU3cjRILoZi7gCHTbZnr6pyawXBYU-ZuOeicmVGNcovnXpJFG9NOPaNod-ty3ZPIQdqmK1f7XEZhZd8Doi7WIx8M_z8ypydQ5Ohwu7BGOLTiI9V7QKrMPaD8DUWiWQ8kxedGPJk3V6oRzmYiwCWRVoIr_H3RLtEt-YnfxhMpSPMh7x5yRisuRLWqOZffJxRn27e8iE.SxCaT8ctwb59RLqla7GXeIG_Sja-drdVGnOhhfcBDfY%26dib_tag%3Dse%26keywords%3Dblue%2Belephant%2Bprint%2Bdress%26qid%3D1738840180%26sr%3D8-28-spons%26sp_csd%3Dd2lkZ2V0TmFtZT1zcF9tdGY%26psc%3D1,2025-02-06T11:09:50.568Z
SimpleFun Summer Dresses for Women Beach Floral Tshirt Sundress Casual Pockets Boho Tank Dress,23,https://m.media-amazon.com/images/I/815hJaXSicL._AC_UL320_.jpg,https://www.amazon.com/sspa/click?ie=UTF8&spc=MTo3NzYxNTI1NzAwMjA3MzEzOjE3Mzg4NDAxODA6c3BfbXRmOjMwMDA4NDY3OTYxNjQwMjo6MDo6&url=%2FSimpleFun-Easter-Dresses-Sundress-Bohemina%2Fdp%2FB09WTKRXJ1%2Fref%3Dsr_1_29_sspa%3Fdib%3DeyJ2IjoiMSJ9.dFODiPFToOBxUcl4yXUTEGyVv8atodIC-HV6OXbDyyMlp1LJUKD_1WEubwQFzGJslaWmf4V3g1yqPJexxgOP4ShJXHqd5JxX9v8G2RU3cjRILoZi7gCHTbZnr6pyawXBYU-ZuOeicmVGNcovnXpJFG9NOPaNod-ty3ZPIQdqmK1f7XEZhZd8Doi7WIx8M_z8ypydQ5Ohwu7BGOLTiI9V7QKrMPaD8DUWiWQ8kxedGPJk3V6oRzmYiwCWRVoIr_H3RLtEt-YnfxhMpSPMh7x5yRisuRLWqOZffJxRn27e8iE.SxCaT8ctwb59RLqla7GXeIG_Sja-drdVGnOhhfcBDfY%26dib_tag%3Dse%26keywords%3Dblue%2Belephant%2Bprint%2Bdress%26qid%3D1738840180%26sr%3D8-29-spons%26sp_csd%3Dd2lkZ2V0TmFtZT1zcF9tdGY%26psc%3D1,2025-02-06T11:09:50.633Z
Askyes Womens Maxi Skirt Summer Trendy Side Slit Elastic High Waisted Boho Casual Beach Flowy Swing Long Skirts with Pockets,14,https://m.media-amazon.com/images/I/71UlXIVHCBL._AC_UL320_.jpg,https://www.amazon.com/sspa/click?ie=UTF8&spc=MTo3NzYxNTI1NzAwMjA3MzEzOjE3Mzg4NDAxODA6c3BfbXRmOjMwMDU5NjQ1MzE4NjkwMjo6MDo6&url=%2FAskyes-Elastic-Waisted-Wedding-Pockets%2Fdp%2FB0DK77VN4G%2Fref%3Dsr_1_30_sspa%3Fdib%3DeyJ2IjoiMSJ9.dFODiPFToOBxUcl4yXUTEGyVv8atodIC-HV6OXbDyyMlp1LJUKD_1WEubwQFzGJslaWmf4V3g1yqPJexxgOP4ShJXHqd5JxX9v8G2RU3cjRILoZi7gCHTbZnr6pyawXBYU-ZuOeicmVGNcovnXpJFG9NOPaNod-ty3ZPIQdqmK1f7XEZhZd8Doi7WIx8M_z8ypydQ5Ohwu7BGOLTiI9V7QKrMPaD8DUWiWQ8kxedGPJk3V6oRzmYiwCWRVoIr_H3RLtEt-YnfxhMpSPMh7x5yRisuRLWqOZffJxRn27e8iE.SxCaT8ctwb59RLqla7GXeIG_Sja-drdVGnOhhfcBDfY%26dib_tag%3Dse%26keywords%3Dblue%2Belephant%2Bprint%2Bdress%26qid%3D1738840180%26sr%3D8-30-spons%26sp_csd%3Dd2lkZ2V0TmFtZT1zcF9tdGY%26psc%3D1,2025-02-06T11:09:50.716Z
Girls Fall Dress Long Sleeve Swing Skater Dresses Cute Outfits for Party Casual,21,https://m.media-amazon.com/images/I/61owne5swvL._AC_UL320_.jpg,https://www.amazon.com/ZPINXIGN-Elephant-Clothes-Toddler-Dresses/dp/B0CDLQ451P/ref=sr_1_31?dib=eyJ2IjoiMSJ9.dFODiPFToOBxUcl4yXUTEGyVv8atodIC-HV6OXbDyyMlp1LJUKD_1WEubwQFzGJslaWmf4V3g1yqPJexxgOP4ShJXHqd5JxX9v8G2RU3cjRILoZi7gCHTbZnr6pyawXBYU-ZuOeicmVGNcovnXpJFG9NOPaNod-ty3ZPIQdqmK1f7XEZhZd8Doi7WIx8M_z8ypydQ5Ohwu7BGOLTiI9V7QKrMPaD8DUWiWQ8kxedGPJk3V6oRzmYiwCWRVoIr_H3RLtEt-YnfxhMpSPMh7x5yRcOuHmDLCg333Lfnp92SzIbVMKRhExyXFXaEMPLFu6TtJK0VQiSaCndC6GJDye7DkKF_L2xNhLZodV4xyETogPKmnKjkCLnD3s_lPFtFIGYCdY0-oKEnMNNyOkgopKrs2gTATgvPNWwK6S9AWHsMtoJ7gONYQHqgBFW-MwNZV44.UhcVCndXba3adRREojtH0B8ppyFy7gUJJhEtmG1fCgk&dib_tag=se&keywords=blue+elephant+print+dress&qid=1738840180&sr=8-31,2025-02-06T11:09:50.844Z
PINSV Women's Sexy Bodycon Tank Dress Basic Sleeveless Long Maxi Dresses Party Club Beach Sundresses,14,https://m.media-amazon.com/images/I/51chb89eAoL._AC_UL320_.jpg,https://www.amazon.com/PINSV-Bodycon-Sleeveless-Dresses-Sundresses/dp/B0CP1PL6WC/ref=sr_1_32?dib=eyJ2IjoiMSJ9.dFODiPFToOBxUcl4yXUTEGyVv8atodIC-HV6OXbDyyMlp1LJUKD_1WEubwQFzGJslaWmf4V3g1yqPJexxgOP4ShJXHqd5JxX9v8G2RU3cjRILoZi7gCHTbZnr6pyawXBYU-ZuOeicmVGNcovnXpJFG9NOPaNod-ty3ZPIQdqmK1f7XEZhZd8Doi7WIx8M_z8ypydQ5Ohwu7BGOLTiI9V7QKrMPaD8DUWiWQ8kxedGPJk3V6oRzmYiwCWRVoIr_H3RLtEt-YnfxhMpSPMh7x5yRcOuHmDLCg333Lfnp92SzIbVMKRhExyXFXaEMPLFu6TtJK0VQiSaCndC6GJDye7DkKF_L2xNhLZodV4xyETogPKmnKjkCLnD3s_lPFtFIGYCdY0-oKEnMNNyOkgopKrs2gTATgvPNWwK6S9AWHsMtoJ7gONYQHqgBFW-MwNZV44.UhcVCndXba3adRREojtH0B8ppyFy7gUJJhEtmG1fCgk&dib_tag=se&keywords=blue+elephant+print+dress&qid=1738840180&sr=8-32,2025-02-06T11:09:50.923Z
Dresses Cute Long Sleeve Midi Fit and Flare A Line Party Dress Girls Round Neck Casual Comfy Flowy Fall Dresses,21,https://m.media-amazon.com/images/I/81yi0mgMh1L._AC_UL320_.jpg,https://www.amazon.com/Colorful-Galaxy-Elephant-Dresses-Graphic/dp/B0DLSM1WB7/ref=sr_1_33?dib=eyJ2IjoiMSJ9.dFODiPFToOBxUcl4yXUTEGyVv8atodIC-HV6OXbDyyMlp1LJUKD_1WEubwQFzGJslaWmf4V3g1yqPJexxgOP4ShJXHqd5JxX9v8G2RU3cjRILoZi7gCHTbZnr6pyawXBYU-ZuOeicmVGNcovnXpJFG9NOPaNod-ty3ZPIQdqmK1f7XEZhZd8Doi7WIx8M_z8ypydQ5Ohwu7BGOLTiI9V7QKrMPaD8DUWiWQ8kxedGPJk3V6oRzmYiwCWRVoIr_H3RLtEt-YnfxhMpSPMh7x5yRcOuHmDLCg333Lfnp92SzIbVMKRhExyXFXaEMPLFu6TtJK0VQiSaCndC6GJDye7DkKF_L2xNhLZodV4xyETogPKmnKjkCLnD3s_lPFtFIGYCdY0-oKEnMNNyOkgopKrs2gTATgvPNWwK6S9AWHsMtoJ7gONYQHqgBFW-MwNZV44.UhcVCndXba3adRREojtH0B8ppyFy7gUJJhEtmG1fCgk&dib_tag=se&keywords=blue+elephant+print+dress&qid=1738840180&sr=8-33,2025-02-06T11:09:51.001Z
QACOHU Summer Dresses for Women V Neck Ruffle Short Sleeve Casual Shift Dress,31,https://m.media-amazon.com/images/I/71T3CsY9WOL._AC_UL320_.jpg,https://www.amazon.com/QACOHU-Womens-Summer-Festival-Leopard/dp/B0BX6KSVH5/ref=sr_1_34?dib=eyJ2IjoiMSJ9.dFODiPFToOBxUcl4yXUTEGyVv8atodIC-HV6OXbDyyMlp1LJUKD_1WEubwQFzGJslaWmf4V3g1yqPJexxgOP4ShJXHqd5JxX9v8G2RU3cjRILoZi7gCHTbZnr6pyawXBYU-ZuOeicmVGNcovnXpJFG9NOPaNod-ty3ZPIQdqmK1f7XEZhZd8Doi7WIx8M_z8ypydQ5Ohwu7BGOLTiI9V7QKrMPaD8DUWiWQ8kxedGPJk3V6oRzmYiwCWRVoIr_H3RLtEt-YnfxhMpSPMh7x5yRcOuHmDLCg333Lfnp92SzIbVMKRhExyXFXaEMPLFu6TtJK0VQiSaCndC6GJDye7DkKF_L2xNhLZodV4xyETogPKmnKjkCLnD3s_lPFtFIGYCdY0-oKEnMNNyOkgopKrs2gTATgvPNWwK6S9AWHsMtoJ7gONYQHqgBFW-MwNZV44.UhcVCndXba3adRREojtH0B8ppyFy7gUJJhEtmG1fCgk&dib_tag=se&keywords=blue+elephant+print+dress&qid=1738840180&sr=8-34,2025-02-06T11:09:51.078Z
Ekouaer Womens Nightgown Short Sleeve Night Dress Printed Sleepwear Soft Sleep Shirt S-3XL,14,https://m.media-amazon.com/images/I/71sbmQtUpkL._AC_UL320_.jpg,https://www.amazon.com/sspa/click?ie=UTF8&spc=MTo3NzYxNTI1NzAwMjA3MzEzOjE3Mzg4NDAxODA6c3BfbXRmOjMwMDUwNTI5MjM4NTEwMjo6MDo6&url=%2FEkouaer-Nightgown-Printed-Sleepwear-Butterfly%2Fdp%2FB0D4737VWL%2Fref%3Dsr_1_35_sspa%3Fdib%3DeyJ2IjoiMSJ9.dFODiPFToOBxUcl4yXUTEGyVv8atodIC-HV6OXbDyyMlp1LJUKD_1WEubwQFzGJslaWmf4V3g1yqPJexxgOP4ShJXHqd5JxX9v8G2RU3cjRILoZi7gCHTbZnr6pyawXBYU-ZuOeicmVGNcovnXpJFG9NOPaNod-ty3ZPIQdqmK1f7XEZhZd8Doi7WIx8M_z8ypydQ5Ohwu7BGOLTiI9V7QKrMPaD8DUWiWQ8kxedGPJk3V6oRzmYiwCWRVoIr_H3RLtEt-YnfxhMpSPMh7x5yRisuRLWqOZffJxRn27e8iE.SxCaT8ctwb59RLqla7GXeIG_Sja-drdVGnOhhfcBDfY%26dib_tag%3Dse%26keywords%3Dblue%2Belephant%2Bprint%2Bdress%26qid%3D1738840180%26sr%3D8-35-spons%26sp_csd%3Dd2lkZ2V0TmFtZT1zcF9tdGY%26psc%3D1,2025-02-06T11:09:51.167Z
Zeagoo Women's Summer Casual Dress Flutter Short Sleeve V Neck Button Down Tiered Flowy Long Dress with Pockets,29,https://m.media-amazon.com/images/I/81UB+VfGI1L._AC_UL320_.jpg,https://www.amazon.com/sspa/click?ie=UTF8&spc=MTo3NzYxNTI1NzAwMjA3MzEzOjE3Mzg4NDAxODA6c3BfbXRmOjMwMDYzNTM2NjI3NjgwMjo6MDo6&url=%2FZeagoo-Sleeve-Casual-Summer-Dresses%2Fdp%2FB0DN6SQTK9%2Fref%3Dsr_1_36_sspa%3Fdib%3DeyJ2IjoiMSJ9.dFODiPFToOBxUcl4yXUTEGyVv8atodIC-HV6OXbDyyMlp1LJUKD_1WEubwQFzGJslaWmf4V3g1yqPJexxgOP4ShJXHqd5JxX9v8G2RU3cjRILoZi7gCHTbZnr6pyawXBYU-ZuOeicmVGNcovnXpJFG9NOPaNod-ty3ZPIQdqmK1f7XEZhZd8Doi7WIx8M_z8ypydQ5Ohwu7BGOLTiI9V7QKrMPaD8DUWiWQ8kxedGPJk3V6oRzmYiwCWRVoIr_H3RLtEt-YnfxhMpSPMh7x5yRisuRLWqOZffJxRn27e8iE.SxCaT8ctwb59RLqla7GXeIG_Sja-drdVGnOhhfcBDfY%26dib_tag%3Dse%26keywords%3Dblue%2Belephant%2Bprint%2Bdress%26qid%3D1738840180%26sr%3D8-36-spons%26sp_csd%3Dd2lkZ2V0TmFtZT1zcF9tdGY%26psc%3D1,2025-02-06T11:09:51.257Z
SAUKOLE Womens Summer Causal Loose Sleeveless Crew Neck Drawstring Waist Mini Short Dress with Pockets,26,https://m.media-amazon.com/images/I/61icRl+mPkL._AC_UL320_.jpg,https://www.amazon.com/SAUKOLE-Summer-Sleeveless-Dresses-Sundress/dp/B0C76YHF36/ref=sr_1_37?dib=eyJ2IjoiMSJ9.dFODiPFToOBxUcl4yXUTEGyVv8atodIC-HV6OXbDyyMlp1LJUKD_1WEubwQFzGJslaWmf4V3g1yqPJexxgOP4ShJXHqd5JxX9v8G2RU3cjRILoZi7gCHTbZnr6pyawXBYU-ZuOeicmVGNcovnXpJFG9NOPaNod-ty3ZPIQdqmK1f7XEZhZd8Doi7WIx8M_z8ypydQ5Ohwu7BGOLTiI9V7QKrMPaD8DUWiWQ8kxedGPJk3V6oRzmYiwCWRVoIr_H3RLtEt-YnfxhMpSPMh7x5yRcOuHmDLCg333Lfnp92SzIbVMKRhExyXFXaEMPLFu6TtJK0VQiSaCndC6GJDye7DkKF_L2xNhLZodV4xyETogPKmnKjkCLnD3s_lPFtFIGYCdY0-oKEnMNNyOkgopKrs2gTATgvPNWwK6S9AWHsMtoJ7gONYQHqgBFW-MwNZV44.UhcVCndXba3adRREojtH0B8ppyFy7gUJJhEtmG1fCgk&dib_tag=se&keywords=blue+elephant+print+dress&qid=1738840180&sr=8-37,2025-02-06T11:09:51.335Z
Art Of Creation Women Kaftan Dress Tunic Long Maxi Plus Size Polyester Print Caftan Gown Party Casual Kimono Dress,12,https://m.media-amazon.com/images/I/61QJeBfxvXL._AC_UL320_.jpg,https://www.amazon.com/Art-Creation-Kaftan-Elephant-Printed/dp/B08HL55KJT/ref=sr_1_38?dib=eyJ2IjoiMSJ9.dFODiPFToOBxUcl4yXUTEGyVv8atodIC-HV6OXbDyyMlp1LJUKD_1WEubwQFzGJslaWmf4V3g1yqPJexxgOP4ShJXHqd5JxX9v8G2RU3cjRILoZi7gCHTbZnr6pyawXBYU-ZuOeicmVGNcovnXpJFG9NOPaNod-ty3ZPIQdqmK1f7XEZhZd8Doi7WIx8M_z8ypydQ5Ohwu7BGOLTiI9V7QKrMPaD8DUWiWQ8kxedGPJk3V6oRzmYiwCWRVoIr_H3RLtEt-YnfxhMpSPMh7x5yRcOuHmDLCg333Lfnp92SzIbVMKRhExyXFXaEMPLFu6TtJK0VQiSaCndC6GJDye7DkKF_L2xNhLZodV4xyETogPKmnKjkCLnD3s_lPFtFIGYCdY0-oKEnMNNyOkgopKrs2gTATgvPNWwK6S9AWHsMtoJ7gONYQHqgBFW-MwNZV44.UhcVCndXba3adRREojtH0B8ppyFy7gUJJhEtmG1fCgk&dib_tag=se&keywords=blue+elephant+print+dress&qid=1738840180&sr=8-38,2025-02-06T11:09:51.418Z
FANCYINN Womens Tie Front Button Down A-Line Dresses Summer Spaghetti Strap Midi Dress Floral Prints,34,https://m.media-amazon.com/images/I/61OJEbTiHHL._AC_UL320_.jpg,https://www.amazon.com/FANCYINN-Womens-Floral-Prints-Spaghetti/dp/B07FDXXFGB/ref=sr_1_39?dib=eyJ2IjoiMSJ9.dFODiPFToOBxUcl4yXUTEGyVv8atodIC-HV6OXbDyyMlp1LJUKD_1WEubwQFzGJslaWmf4V3g1yqPJexxgOP4ShJXHqd5JxX9v8G2RU3cjRILoZi7gCHTbZnr6pyawXBYU-ZuOeicmVGNcovnXpJFG9NOPaNod-ty3ZPIQdqmK1f7XEZhZd8Doi7WIx8M_z8ypydQ5Ohwu7BGOLTiI9V7QKrMPaD8DUWiWQ8kxedGPJk3V6oRzmYiwCWRVoIr_H3RLtEt-YnfxhMpSPMh7x5yRcOuHmDLCg333Lfnp92SzIbVMKRhExyXFXaEMPLFu6TtJK0VQiSaCndC6GJDye7DkKF_L2xNhLZodV4xyETogPKmnKjkCLnD3s_lPFtFIGYCdY0-oKEnMNNyOkgopKrs2gTATgvPNWwK6S9AWHsMtoJ7gONYQHqgBFW-MwNZV44.UhcVCndXba3adRREojtH0B8ppyFy7gUJJhEtmG1fCgk&dib_tag=se&keywords=blue+elephant+print+dress&qid=1738840180&sr=8-39,2025-02-06T11:09:51.493Z
Kaftan for Women Night Dress Kimono Caftan Beach Maxi Boho Long Top Tunic Cover Up Elephant Print Casual Red & Blue,13,https://m.media-amazon.com/images/I/71NNLjy0tAL._AC_UL320_.jpg,https://www.amazon.com/Kaftan-Kimono-Caftan-Elephant-Casual/dp/B0DCFTXXRF/ref=sr_1_40?dib=eyJ2IjoiMSJ9.dFODiPFToOBxUcl4yXUTEGyVv8atodIC-HV6OXbDyyMlp1LJUKD_1WEubwQFzGJslaWmf4V3g1yqPJexxgOP4ShJXHqd5JxX9v8G2RU3cjRILoZi7gCHTbZnr6pyawXBYU-ZuOeicmVGNcovnXpJFG9NOPaNod-ty3ZPIQdqmK1f7XEZhZd8Doi7WIx8M_z8ypydQ5Ohwu7BGOLTiI9V7QKrMPaD8DUWiWQ8kxedGPJk3V6oRzmYiwCWRVoIr_H3RLtEt-YnfxhMpSPMh7x5yRcOuHmDLCg333Lfnp92SzIbVMKRhExyXFXaEMPLFu6TtJK0VQiSaCndC6GJDye7DkKF_L2xNhLZodV4xyETogPKmnKjkCLnD3s_lPFtFIGYCdY0-oKEnMNNyOkgopKrs2gTATgvPNWwK6S9AWHsMtoJ7gONYQHqgBFW-MwNZV44.UhcVCndXba3adRREojtH0B8ppyFy7gUJJhEtmG1fCgk&dib_tag=se&keywords=blue+elephant+print+dress&qid=1738840180&sr=8-40,2025-02-06T11:09:51.555Z
PNAEONG Women's Cotton Sleepwear Long Sleeves Nightgown Print Tee Sleep Dress,16,https://m.media-amazon.com/images/I/91TunQr8-nL._AC_UL320_.jpg,https://www.amazon.com/PNAEONG-Sleepwear-Nightgown-XTSY109-Long-Paisley-2XL/dp/B0D9LZVZJL/ref=sr_1_42?dib=eyJ2IjoiMSJ9.dFODiPFToOBxUcl4yXUTEGyVv8atodIC-HV6OXbDyyMlp1LJUKD_1WEubwQFzGJslaWmf4V3g1yqPJexxgOP4ShJXHqd5JxX9v8G2RU3cjRILoZi7gCHTbZnr6pyawXBYU-ZuOeicmVGNcovnXpJFG9NOPaNod-ty3ZPIQdqmK1f7XEZhZd8Doi7WIx8M_z8ypydQ5Ohwu7BGOLTiI9V7QKrMPaD8DUWiWQ8kxedGPJk3V6oRzmYiwCWRVoIr_H3RLtEt-YnfxhMpSPMh7x5yRcOuHmDLCg333Lfnp92SzIbVMKRhExyXFXaEMPLFu6TtJK0VQiSaCndC6GJDye7DkKF_L2xNhLZodV4xyETogPKmnKjkCLnD3s_lPFtFIGYCdY0-oKEnMNNyOkgopKrs2gTATgvPNWwK6S9AWHsMtoJ7gONYQHqgBFW-MwNZV44.UhcVCndXba3adRREojtH0B8ppyFy7gUJJhEtmG1fCgk&dib_tag=se&keywords=blue+elephant+print+dress&qid=1738840180&sr=8-42,2025-02-06T11:09:51.706Z
Hudson Baby Baby Girls' Cotton Dresses,14,https://m.media-amazon.com/images/I/71iFXlivCAL._AC_UL320_.jpg,https://www.amazon.com/Hudson-Baby-Toddler-Elephant-Princess/dp/B07VJFSLGP/ref=sr_1_43?dib=eyJ2IjoiMSJ9.dFODiPFToOBxUcl4yXUTEGyVv8atodIC-HV6OXbDyyMlp1LJUKD_1WEubwQFzGJslaWmf4V3g1yqPJexxgOP4ShJXHqd5JxX9v8G2RU3cjRILoZi7gCHTbZnr6pyawXBYU-ZuOeicmVGNcovnXpJFG9NOPaNod-ty3ZPIQdqmK1f7XEZhZd8Doi7WIx8M_z8ypydQ5Ohwu7BGOLTiI9V7QKrMPaD8DUWiWQ8kxedGPJk3V6oRzmYiwCWRVoIr_H3RLtEt-YnfxhMpSPMh7x5yRcOuHmDLCg333Lfnp92SzIbVMKRhExyXFXaEMPLFu6TtJK0VQiSaCndC6GJDye7DkKF_L2xNhLZodV4xyETogPKmnKjkCLnD3s_lPFtFIGYCdY0-oKEnMNNyOkgopKrs2gTATgvPNWwK6S9AWHsMtoJ7gONYQHqgBFW-MwNZV44.UhcVCndXba3adRREojtH0B8ppyFy7gUJJhEtmG1fCgk&dib_tag=se&keywords=blue+elephant+print+dress&qid=1738840180&sr=8-43,2025-02-06T11:09:51.806Z
Divine threads -- Elephant Design Women Kimono Cover Up V Neck Batwing Sleeve Plus Size Beach Kaftan Dresses,9,https://m.media-amazon.com/images/I/815aPaIXQOL._AC_UL320_.jpg,https://www.amazon.com/Divine-threads-Elphant-Batwing-Dresses/dp/B0D9WGKHXC/ref=sr_1_44?dib=eyJ2IjoiMSJ9.dFODiPFToOBxUcl4yXUTEGyVv8atodIC-HV6OXbDyyMlp1LJUKD_1WEubwQFzGJslaWmf4V3g1yqPJexxgOP4ShJXHqd5JxX9v8G2RU3cjRILoZi7gCHTbZnr6pyawXBYU-ZuOeicmVGNcovnXpJFG9NOPaNod-ty3ZPIQdqmK1f7XEZhZd8Doi7WIx8M_z8ypydQ5Ohwu7BGOLTiI9V7QKrMPaD8DUWiWQ8kxedGPJk3V6oRzmYiwCWRVoIr_H3RLtEt-YnfxhMpSPMh7x5yRcOuHmDLCg333Lfnp92SzIbVMKRhExyXFXaEMPLFu6TtJK0VQiSaCndC6GJDye7DkKF_L2xNhLZodV4xyETogPKmnKjkCLnD3s_lPFtFIGYCdY0-oKEnMNNyOkgopKrs2gTATgvPNWwK6S9AWHsMtoJ7gONYQHqgBFW-MwNZV44.UhcVCndXba3adRREojtH0B8ppyFy7gUJJhEtmG1fCgk&dib_tag=se&keywords=blue+elephant+print+dress&qid=1738840180&sr=8-44,2025-02-06T11:09:51.884Z
Upetstory Girls' Casual Dresses Kids Playwear Dresses Swing Twirly Skater Dress,21,https://m.media-amazon.com/images/I/71m6S2qpoTL._AC_UL320_.jpg,https://www.amazon.com/Upetstory-Elephant-Playwear-Pullover-Athletic/dp/B0DC2QFH8Q/ref=sr_1_45?dib=eyJ2IjoiMSJ9.dFODiPFToOBxUcl4yXUTEGyVv8atodIC-HV6OXbDyyMlp1LJUKD_1WEubwQFzGJslaWmf4V3g1yqPJexxgOP4ShJXHqd5JxX9v8G2RU3cjRILoZi7gCHTbZnr6pyawXBYU-ZuOeicmVGNcovnXpJFG9NOPaNod-ty3ZPIQdqmK1f7XEZhZd8Doi7WIx8M_z8ypydQ5Ohwu7BGOLTiI9V7QKrMPaD8DUWiWQ8kxedGPJk3V6oRzmYiwCWRVoIr_H3RLtEt-YnfxhMpSPMh7x5yRcOuHmDLCg333Lfnp92SzIbVMKRhExyXFXaEMPLFu6TtJK0VQiSaCndC6GJDye7DkKF_L2xNhLZodV4xyETogPKmnKjkCLnD3s_lPFtFIGYCdY0-oKEnMNNyOkgopKrs2gTATgvPNWwK6S9AWHsMtoJ7gONYQHqgBFW-MwNZV44.UhcVCndXba3adRREojtH0B8ppyFy7gUJJhEtmG1fCgk&dib_tag=se&keywords=blue+elephant+print+dress&qid=1738840180&sr=8-45,2025-02-06T11:09:51.961Z
Magnetic Me Footie Pajamas Soft Modal Baby Sleepwear with Quick Magnetic Fastener | Boys and Girls Sleeper Preemie-24 Months,40,https://m.media-amazon.com/images/I/71L7NsAByDL._AC_UL320_.jpg,https://www.amazon.com/Magnificent-Baby-Magnetic-Dancing-Elephants/dp/B073HZDDL4/ref=sr_1_46?dib=eyJ2IjoiMSJ9.dFODiPFToOBxUcl4yXUTEGyVv8atodIC-HV6OXbDyyMlp1LJUKD_1WEubwQFzGJslaWmf4V3g1yqPJexxgOP4ShJXHqd5JxX9v8G2RU3cjRILoZi7gCHTbZnr6pyawXBYU-ZuOeicmVGNcovnXpJFG9NOPaNod-ty3ZPIQdqmK1f7XEZhZd8Doi7WIx8M_z8ypydQ5Ohwu7BGOLTiI9V7QKrMPaD8DUWiWQ8kxedGPJk3V6oRzmYiwCWRVoIr_H3RLtEt-YnfxhMpSPMh7x5yRcOuHmDLCg333Lfnp92SzIbVMKRhExyXFXaEMPLFu6TtJK0VQiSaCndC6GJDye7DkKF_L2xNhLZodV4xyETogPKmnKjkCLnD3s_lPFtFIGYCdY0-oKEnMNNyOkgopKrs2gTATgvPNWwK6S9AWHsMtoJ7gONYQHqgBFW-MwNZV44.UhcVCndXba3adRREojtH0B8ppyFy7gUJJhEtmG1fCgk&dib_tag=se&keywords=blue+elephant+print+dress&qid=1738840180&sr=8-46,2025-02-06T11:09:52.043Z
Joob Joob Boho Pants for Women - Hippie Harem Pants Women - Womens Yoga Pants – Comfy Bohemian Flowy Hippie Clothes,19,https://m.media-amazon.com/images/I/71hvWq4MGiL._AC_UL320_.jpg,https://www.amazon.com/Joob-Womens-Flowy-Boho-Pants/dp/B076KWCYZS/ref=sr_1_47?dib=eyJ2IjoiMSJ9.dFODiPFToOBxUcl4yXUTEGyVv8atodIC-HV6OXbDyyMlp1LJUKD_1WEubwQFzGJslaWmf4V3g1yqPJexxgOP4ShJXHqd5JxX9v8G2RU3cjRILoZi7gCHTbZnr6pyawXBYU-ZuOeicmVGNcovnXpJFG9NOPaNod-ty3ZPIQdqmK1f7XEZhZd8Doi7WIx8M_z8ypydQ5Ohwu7BGOLTiI9V7QKrMPaD8DUWiWQ8kxedGPJk3V6oRzmYiwCWRVoIr_H3RLtEt-YnfxhMpSPMh7x5yRcOuHmDLCg333Lfnp92SzIbVMKRhExyXFXaEMPLFu6TtJK0VQiSaCndC6GJDye7DkKF_L2xNhLZodV4xyETogPKmnKjkCLnD3s_lPFtFIGYCdY0-oKEnMNNyOkgopKrs2gTATgvPNWwK6S9AWHsMtoJ7gONYQHqgBFW-MwNZV44.UhcVCndXba3adRREojtH0B8ppyFy7gUJJhEtmG1fCgk&dib_tag=se&keywords=blue+elephant+print+dress&qid=1738840180&sr=8-47,2025-02-06T11:09:52.133Z
Minerva Crafts Elephant Print Combed Cotton Poplin Dress Fabric Navy Blue - per Yard,9,https://m.media-amazon.com/images/I/51IfI2qbidL._AC_UL320_.jpg,https://www.amazon.com/Elephant-Combed-Cotton-Poplin-Fabric/dp/B01HMWU760/ref=sr_1_49?dib=eyJ2IjoiMSJ9.dFODiPFToOBxUcl4yXUTEGyVv8atodIC-HV6OXbDyyMlp1LJUKD_1WEubwQFzGJslaWmf4V3g1yqPJexxgOP4ShJXHqd5JxX9v8G2RU3cjRILoZi7gCHTbZnr6pyawXBYU-ZuOeicmVGNcovnXpJFG9NOPaNod-ty3ZPIQdqmK1f7XEZhZd8Doi7WIx8M_z8ypydQ5Ohwu7BGOLTiI9V7QKrMPaD8DUWiWQ8kxedGPJk3V6oRzmYiwCWRVoIr_H3RLtEt-YnfxhMpSPMh7x5yRcOuHmDLCg333Lfnp92SzIbVMKRhExyXFXaEMPLFu6TtJK0VQiSaCndC6GJDye7DkKF_L2xNhLZodV4xyETogPKmnKjkCLnD3s_lPFtFIGYCdY0-oKEnMNNyOkgopKrs2gTATgvPNWwK6S9AWHsMtoJ7gONYQHqgBFW-MwNZV44.UhcVCndXba3adRREojtH0B8ppyFy7gUJJhEtmG1fCgk&dib_tag=se&keywords=blue+elephant+print+dress&qid=1738840180&sr=8-49,2025-02-06T11:09:52.286Z
Hudson Baby Baby Girls' Cotton Dress and Cardigan Set,14,https://m.media-amazon.com/images/I/71OLpspN0kL._AC_UL320_.jpg,https://www.amazon.com/Hudson-Baby-Infant-Cardigan-Toddler/dp/B00X248A8U/ref=sr_1_50?dib=eyJ2IjoiMSJ9.dFODiPFToOBxUcl4yXUTEGyVv8atodIC-HV6OXbDyyMlp1LJUKD_1WEubwQFzGJslaWmf4V3g1yqPJexxgOP4ShJXHqd5JxX9v8G2RU3cjRILoZi7gCHTbZnr6pyawXBYU-ZuOeicmVGNcovnXpJFG9NOPaNod-ty3ZPIQdqmK1f7XEZhZd8Doi7WIx8M_z8ypydQ5Ohwu7BGOLTiI9V7QKrMPaD8DUWiWQ8kxedGPJk3V6oRzmYiwCWRVoIr_H3RLtEt-YnfxhMpSPMh7x5yRcOuHmDLCg333Lfnp92SzIbVMKRhExyXFXaEMPLFu6TtJK0VQiSaCndC6GJDye7DkKF_L2xNhLZodV4xyETogPKmnKjkCLnD3s_lPFtFIGYCdY0-oKEnMNNyOkgopKrs2gTATgvPNWwK6S9AWHsMtoJ7gONYQHqgBFW-MwNZV44.UhcVCndXba3adRREojtH0B8ppyFy7gUJJhEtmG1fCgk&dib_tag=se&keywords=blue+elephant+print+dress&qid=1738840180&sr=8-50,2025-02-06T11:09:52.366Z
Bluetime Women Casual Summer Dress Boho V Neck 3/4 Sleeve Babydoll Floral Print Flowy Beach Dress,42,https://m.media-amazon.com/images/I/81oXMUzsCqL._AC_UL320_.jpg,https://www.amazon.com/Bluetime-Floral-Dresses-Casual-Babydoll/dp/B0BN82YDS4/ref=sr_1_51?dib=eyJ2IjoiMSJ9.dFODiPFToOBxUcl4yXUTEGyVv8atodIC-HV6OXbDyyMlp1LJUKD_1WEubwQFzGJslaWmf4V3g1yqPJexxgOP4ShJXHqd5JxX9v8G2RU3cjRILoZi7gCHTbZnr6pyawXBYU-ZuOeicmVGNcovnXpJFG9NOPaNod-ty3ZPIQdqmK1f7XEZhZd8Doi7WIx8M_z8ypydQ5Ohwu7BGOLTiI9V7QKrMPaD8DUWiWQ8kxedGPJk3V6oRzmYiwCWRVoIr_H3RLtEt-YnfxhMpSPMh7x5yRcOuHmDLCg333Lfnp92SzIbVMKRhExyXFXaEMPLFu6TtJK0VQiSaCndC6GJDye7DkKF_L2xNhLZodV4xyETogPKmnKjkCLnD3s_lPFtFIGYCdY0-oKEnMNNyOkgopKrs2gTATgvPNWwK6S9AWHsMtoJ7gONYQHqgBFW-MwNZV44.UhcVCndXba3adRREojtH0B8ppyFy7gUJJhEtmG1fCgk&dib_tag=se&keywords=blue+elephant+print+dress&qid=1738840180&sr=8-51,2025-02-06T11:09:52.428Z
PRETTYGARDEN Women's Summer Short Sleeve Crewneck Striped Dress Basic Solid Tie Waist Office T Shirt Dresses Pockets,30,https://m.media-amazon.com/images/I/71j1TFUFCeL._AC_UL320_.jpg,https://www.amazon.com/PRETTYGARDEN-Womens-Casual-Bodycon-Pockets/dp/B07DNZB1HF/ref=sr_1_52?dib=eyJ2IjoiMSJ9.dFODiPFToOBxUcl4yXUTEGyVv8atodIC-HV6OXbDyyMlp1LJUKD_1WEubwQFzGJslaWmf4V3g1yqPJexxgOP4ShJXHqd5JxX9v8G2RU3cjRILoZi7gCHTbZnr6pyawXBYU-ZuOeicmVGNcovnXpJFG9NOPaNod-ty3ZPIQdqmK1f7XEZhZd8Doi7WIx8M_z8ypydQ5Ohwu7BGOLTiI9V7QKrMPaD8DUWiWQ8kxedGPJk3V6oRzmYiwCWRVoIr_H3RLtEt-YnfxhMpSPMh7x5yRcOuHmDLCg333Lfnp92SzIbVMKRhExyXFXaEMPLFu6TtJK0VQiSaCndC6GJDye7DkKF_L2xNhLZodV4xyETogPKmnKjkCLnD3s_lPFtFIGYCdY0-oKEnMNNyOkgopKrs2gTATgvPNWwK6S9AWHsMtoJ7gONYQHqgBFW-MwNZV44.UhcVCndXba3adRREojtH0B8ppyFy7gUJJhEtmG1fCgk&dib_tag=se&keywords=blue+elephant+print+dress&qid=1738840180&sr=8-52,2025-02-06T11:09:52.490Z
YOBECHO Women's Summer Ruffle Sleeve Sweetheart Neckline Printing Dress Mini Dress,39,https://m.media-amazon.com/images/I/61HKLutpEuL._AC_UL320_.jpg,https://www.amazon.com/Yobecho-Womens-Sweetheart-Neckline-Printing/dp/B07SQV162W/ref=sr_1_53?dib=eyJ2IjoiMSJ9.dFODiPFToOBxUcl4yXUTEGyVv8atodIC-HV6OXbDyyMlp1LJUKD_1WEubwQFzGJslaWmf4V3g1yqPJexxgOP4ShJXHqd5JxX9v8G2RU3cjRILoZi7gCHTbZnr6pyawXBYU-ZuOeicmVGNcovnXpJFG9NOPaNod-ty3ZPIQdqmK1f7XEZhZd8Doi7WIx8M_z8ypydQ5Ohwu7BGOLTiI9V7QKrMPaD8DUWiWQ8kxedGPJk3V6oRzmYiwCWRVoIr_H3RLtEt-YnfxhMpSPMh7x5yRcOuHmDLCg333Lfnp92SzIbVMKRhExyXFXaEMPLFu6TtJK0VQiSaCndC6GJDye7DkKF_L2xNhLZodV4xyETogPKmnKjkCLnD3s_lPFtFIGYCdY0-oKEnMNNyOkgopKrs2gTATgvPNWwK6S9AWHsMtoJ7gONYQHqgBFW-MwNZV44.UhcVCndXba3adRREojtH0B8ppyFy7gUJJhEtmG1fCgk&dib_tag=se&keywords=blue+elephant+print+dress&qid=1738840180&sr=8-53,2025-02-06T11:09:52.549Z
Caftan Polyester Bohemian Kaftan Maxi Elephant Printed Nightwear Dress Blue and Off White,24,https://m.media-amazon.com/images/I/91u0P0xtgHL._AC_UL320_.jpg,https://www.amazon.com/Phagun-Polyester-Bohemian-Elephant-Nightwear/dp/B01IY4J8Q0/ref=sr_1_54?dib=eyJ2IjoiMSJ9.dFODiPFToOBxUcl4yXUTEGyVv8atodIC-HV6OXbDyyMlp1LJUKD_1WEubwQFzGJslaWmf4V3g1yqPJexxgOP4ShJXHqd5JxX9v8G2RU3cjRILoZi7gCHTbZnr6pyawXBYU-ZuOeicmVGNcovnXpJFG9NOPaNod-ty3ZPIQdqmK1f7XEZhZd8Doi7WIx8M_z8ypydQ5Ohwu7BGOLTiI9V7QKrMPaD8DUWiWQ8kxedGPJk3V6oRzmYiwCWRVoIr_H3RLtEt-YnfxhMpSPMh7x5yRcOuHmDLCg333Lfnp92SzIbVMKRhExyXFXaEMPLFu6TtJK0VQiSaCndC6GJDye7DkKF_L2xNhLZodV4xyETogPKmnKjkCLnD3s_lPFtFIGYCdY0-oKEnMNNyOkgopKrs2gTATgvPNWwK6S9AWHsMtoJ7gONYQHqgBFW-MwNZV44.UhcVCndXba3adRREojtH0B8ppyFy7gUJJhEtmG1fCgk&dib_tag=se&keywords=blue+elephant+print+dress&qid=1738840180&sr=8-54,2025-02-06T11:09:52.617Z
ENJOYNIGHT Womens Nightgowns Cotton Sleepwear Plus Size Sleep Shirt Short Sleeve Nightshirt Print Sleepshirt,14,https://m.media-amazon.com/images/I/71DOwY90RNL._AC_UL320_.jpg,https://www.amazon.com/ENJOYNIGHT-Sleepwear-Sleepshirt-XX-Large-Elephant/dp/B085ZFK8F5/ref=sr_1_55?dib=eyJ2IjoiMSJ9.dFODiPFToOBxUcl4yXUTEGyVv8atodIC-HV6OXbDyyMlp1LJUKD_1WEubwQFzGJslaWmf4V3g1yqPJexxgOP4ShJXHqd5JxX9v8G2RU3cjRILoZi7gCHTbZnr6pyawXBYU-ZuOeicmVGNcovnXpJFG9NOPaNod-ty3ZPIQdqmK1f7XEZhZd8Doi7WIx8M_z8ypydQ5Ohwu7BGOLTiI9V7QKrMPaD8DUWiWQ8kxedGPJk3V6oRzmYiwCWRVoIr_H3RLtEt-YnfxhMpSPMh7x5yRcOuHmDLCg333Lfnp92SzIbVMKRhExyXFXaEMPLFu6TtJK0VQiSaCndC6GJDye7DkKF_L2xNhLZodV4xyETogPKmnKjkCLnD3s_lPFtFIGYCdY0-oKEnMNNyOkgopKrs2gTATgvPNWwK6S9AWHsMtoJ7gONYQHqgBFW-MwNZV44.UhcVCndXba3adRREojtH0B8ppyFy7gUJJhEtmG1fCgk&dib_tag=se&keywords=blue+elephant+print+dress&qid=1738840180&sr=8-55,2025-02-06T11:09:52.690Z
"4 Pieces Cabinet Cupboard Handles, Decorative Kitchen Drawer Pulls Handles, Elephant Blue Print Crystal Dresser Drawer Knobs, Housewarming Gift",14,https://m.media-amazon.com/images/I/51QrAVhK4vL._AC_UL320_.jpg,https://www.amazon.com/RODAILYCAY-Cupboard-Decorative-Elephant-Housewarming/dp/B0CWN9GZH4/ref=sr_1_59?dib=eyJ2IjoiMSJ9.dFODiPFToOBxUcl4yXUTEGyVv8atodIC-HV6OXbDyyMlp1LJUKD_1WEubwQFzGJslaWmf4V3g1yqPJexxgOP4ShJXHqd5JxX9v8G2RU3cjRILoZi7gCHTbZnr6pyawXBYU-ZuOeicmVGNcovnXpJFG9NOPaNod-ty3ZPIQdqmK1f7XEZhZd8Doi7WIx8M_z8ypydQ5Ohwu7BGOLTiI9V7QKrMPaD8DUWiWQ8kxedGPJk3V6oRzmYiwCWRVoIr_H3RLtEt-YnfxhMpSPMh7x5yRcOuHmDLCg333Lfnp92SzIbVMKRhExyXFXaEMPLFu6TtJK0VQiSaCndC6GJDye7DkKF_L2xNhLZodV4xyETogPKmnKjkCLnD3s_lPFtFIGYCdY0-oKEnMNNyOkgopKrs2gTATgvPNWwK6S9AWHsMtoJ7gONYQHqgBFW-MwNZV44.UhcVCndXba3adRREojtH0B8ppyFy7gUJJhEtmG1fCgk&dib_tag=se&keywords=blue+elephant+print+dress&qid=1738840180&sr=8-59,2025-02-06T11:09:52.944Z
oneOone Rayon Medium Blue Fabric Elephant Dress Material Fabric Print Fabric by The Yard 56 Inch Wide,11,https://m.media-amazon.com/images/I/81CUfAmG1XL._AC_UL320_.jpg,https://www.amazon.com/oneOone-Medium-Fabric-Elephant-Material/dp/B09RFHFTWD/ref=sr_1_60?dib=eyJ2IjoiMSJ9.dFODiPFToOBxUcl4yXUTEGyVv8atodIC-HV6OXbDyyMlp1LJUKD_1WEubwQFzGJslaWmf4V3g1yqPJexxgOP4ShJXHqd5JxX9v8G2RU3cjRILoZi7gCHTbZnr6pyawXBYU-ZuOeicmVGNcovnXpJFG9NOPaNod-ty3ZPIQdqmK1f7XEZhZd8Doi7WIx8M_z8ypydQ5Ohwu7BGOLTiI9V7QKrMPaD8DUWiWQ8kxedGPJk3V6oRzmYiwCWRVoIr_H3RLtEt-YnfxhMpSPMh7x5yRcOuHmDLCg333Lfnp92SzIbVMKRhExyXFXaEMPLFu6TtJK0VQiSaCndC6GJDye7DkKF_L2xNhLZodV4xyETogPKmnKjkCLnD3s_lPFtFIGYCdY0-oKEnMNNyOkgopKrs2gTATgvPNWwK6S9AWHsMtoJ7gONYQHqgBFW-MwNZV44.UhcVCndXba3adRREojtH0B8ppyFy7gUJJhEtmG1fCgk&dib_tag=se&keywords=blue+elephant+print+dress&qid=1738840180&sr=8-60,2025-02-06T11:09:53.010Z